Id|OrderNo|BranchId|BranchName|IsAgency|PoIndex|PoName|PoIndexNo
1|1|1|ABŞERON|0|Az0100|MƏRKƏZI PŞ|100
2|2|1|ABŞERON|0|Az0101|1 SAYLI PŞ|101
3|3|1|ABŞERON|0|Az0102|2 SAYLI PŞ|102
4|4|1|ABŞERON|0|Az0111|AŞAĞI GÜZDƏK PŞ|111
5|5|1|ABŞERON|0|Az0112|CEYRANBATAN PŞ|112
6|6|1|ABŞERON|0|Az0113|FATMAYI PŞ|113
7|7|1|ABŞERON|0|Az0114|GÜZDƏK-2 PŞ|114
8|8|1|ABŞERON|0|Az0115|HÖKMƏLI PŞ|115
9|9|1|ABŞERON|0|Az0116|MASAZIR-1 PŞ|116
10|10|1|ABŞERON|0|Az0117|QOBU PŞ|117
11|11|1|ABŞERON|0|Az0118|MEHDIABAD PŞ|118
12|12|1|ABŞERON|0|Az0119|NOVXANI PŞ|119
13|13|1|ABŞERON|0|Az0120|PIRƏKƏŞKÜL PŞ|120
14|14|1|ABŞERON|0|Az0121|SARAY-1PŞ|121
15|15|1|ABŞERON|0|Az0122|GORADIL PŞ|122
16|16|1|ABŞERON|0|Az0123|MASAZIR-2 PŞ|123
17|17|1|ABŞERON|0|Az0124|ÇAYLI PŞ|124
18|18|1|ABŞERON|0|Az0125|MƏHƏMMMƏDLI PŞ|125
19|19|1|ABŞERON|0|Az0127|DIGAH PŞ|127
20|20|1|ABŞERON|0|Az0128|SARAY-2 PŞ|128
21|21|1|ABŞERON|0|Az0129|MEXKALON PŞ|129
22|22|1|ABŞERON|0|Az0130|AT YALI PŞ|130
23|23|1|ABŞERON|0|Az0131|GORADIL-2 PŞ|131
24|24|1|ABŞERON|0|Az0155|MÜŞVIQABAD PŞ|155
25|25|1|ABŞERON|1|Az0155|QACQIN SHEHERCIYI|155
26|26|2|AĞDAM|0|Az0200|MƏRKƏZI PŞ|200
27|27|2|AĞDAM|0|Az0216|ÇƏMƏNLI PŞ|216
28|28|2|AĞDAM|0|Az0217|ƏFƏTLI PŞ|217
29|29|2|AĞDAM|0|Az0227|XINDIRISTAN PŞ|227
30|30|2|AĞDAM|0|Az0230|QARADAĞLI PŞ|230
31|31|2|AĞDAM|0|Az0233|QUZANLI PŞ|233
32|32|2|AĞDAM|0|Az0234|MAHRIZLI PŞ|234
33|33|2|AĞDAM|0|Az0246|ÜÇ OĞLAN PŞ|246
34|34|2|AĞDAM|1|Az0200|DORD YOL-1 PA|200
35|35|2|AĞDAM|1|Az0216|BAHARLI PA|216
36|36|2|AĞDAM|1|Az0227|BƏNÖVŞƏLƏR PA|227
37|37|3|AĞDAŞ|0|Az0300|MƏRKƏZI PŞ|300
38|38|3|AĞDAŞ|0|Az0301|1 SAYLI PŞ|301
39|39|3|AĞDAŞ|0|Az0302|2 SAYLI PŞ (MAŞAD)|302
40|40|3|AĞDAŞ|0|Az0311|ABAD PŞ|311
41|41|3|AĞDAŞ|0|Az0313|ŞORDƏHNƏ PŞ|313
42|42|3|AĞDAŞ|0|Az0318|GÜVƏKƏND PŞ|318
43|43|3|AĞDAŞ|0|Az0321|KÜKƏL PŞ|321
44|44|3|AĞDAŞ|0|Az0324|QOLQƏTI PŞ|324
45|45|3|AĞDAŞ|0|Az0325|LƏKI PŞ|325
46|46|3|AĞDAŞ|0|Az0327|ORTA LƏKI PŞ|327
47|47|3|AĞDAŞ|0|Az0328|PIRƏZƏ PŞ|328
48|48|3|AĞDAŞ|0|Az0331|DƏHNƏXƏLIL PŞ|331
49|49|3|AĞDAŞ|0|Az0332|YENICƏ PŞ|332
50|50|3|AĞDAŞ|0|Az0333|YUXARI QƏSIL PŞ|333
51|51|3|AĞDAŞ|0|Az0340|ƏRƏB PŞ|340
52|52|4|AĞCABƏDI|0|Az0400|MƏRKƏZI PŞ|400
53|53|4|AĞCABƏDI|0|Az0402|2 SAYLI PŞ|402
54|54|4|AĞCABƏDI|0|Az0403|3 SAYLI PŞ|403
55|55|4|AĞCABƏDI|0|Az0404|4 SAYLI PŞ|404
56|56|4|AĞCABƏDI|0|Az0411|AVŞAR PŞ|411
57|57|4|AĞCABƏDI|0|Az0412|BOYAD PŞ|412
58|58|4|AĞCABƏDI|0|Az0413|GƏLƏBƏDIN PŞ|413
59|59|4|AĞCABƏDI|0|Az0414|HACIBƏDƏLLI PŞ|414
60|60|4|AĞCABƏDI|0|Az0415|HINDARX PŞ|415
61|61|4|AĞCABƏDI|0|Az0416|HÜSÜLÜ PŞ|416
62|62|4|AĞCABƏDI|0|Az0417|XOCAVƏND PŞ|417
63|63|4|AĞCABƏDI|0|Az0418|KƏBIRLI PŞ|418
64|64|4|AĞCABƏDI|0|Az0419|KƏHRIZLI PŞ|419
65|65|4|AĞCABƏDI|0|Az0420|QARADOLAQ PŞ|420
66|66|4|AĞCABƏDI|0|Az0421|QARAVƏLLI PŞ|421
67|67|4|AĞCABƏDI|0|Az0422|YUXARI QIYAMADINLI PŞ|422
68|68|4|AĞCABƏDI|0|Az0424|MINƏXORLU PŞ|424
69|69|4|AĞCABƏDI|0|Az0425|MUĞANLI PŞ|425
70|70|4|AĞCABƏDI|0|Az0426|PƏRIOĞULLAR PŞ|426
71|71|4|AĞCABƏDI|0|Az0427|SALMANBƏYLI PŞ|427
72|72|4|AĞCABƏDI|0|Az0428|SARICALI PŞ|428
73|73|4|AĞCABƏDI|0|Az0429|ŞƏNLIK PŞ|429
74|74|4|AĞCABƏDI|0|Az0430|TƏZƏKƏND PŞ|430
75|75|4|AĞCABƏDI|0|Az0431|YENIQARADOLAQ PŞ|431
76|76|4|AĞCABƏDI|0|Az0432|ARAN PŞ|432
77|77|4|AĞCABƏDI|0|Az0433|ŞƏRƏFXANLI PŞ|433
78|78|5|AĞSTAFA|0|Az0500|MƏRKƏZI PŞ|500
79|79|5|AĞSTAFA|0|Az0511|AĞSTAFA VAĞZAL PŞ|511
80|80|5|AĞSTAFA|0|Az0512|AŞAĞI GÖYCƏLI PŞ|512
81|81|5|AĞSTAFA|0|Az0513|AŞAĞI KƏSƏMƏN PŞ|513
82|82|5|AĞSTAFA|0|Az0514|BÖYÜK KƏSIK PŞ|514
83|83|5|AĞSTAFA|0|Az0515|DAĞKƏSƏMƏN PŞ|515
84|84|5|AĞSTAFA|0|Az0517|EYNALLI PŞ|517
85|85|5|AĞSTAFA|0|Az0518|HƏSƏNSU PŞ|518
86|86|5|AĞSTAFA|0|Az0519|XƏTAI PŞ|519
87|87|5|AĞSTAFA|0|Az0520|KƏND POYLU PŞ|520
88|88|5|AĞSTAFA|0|Az0521|KÖÇƏSGƏR PŞ|521
89|89|5|AĞSTAFA|0|Az0523|QIRLI PŞ|523
90|90|5|AĞSTAFA|0|Az0525|MUĞANLI PŞ|525
91|91|5|AĞSTAFA|0|Az0527|POYLU VAĞZAL PŞ|527
92|92|5|AĞSTAFA|0|Az0528|SƏMƏD VURĞUN PŞ|528
93|93|5|AĞSTAFA|0|Az0529|SADIXLI PŞ|529
94|94|5|AĞSTAFA|0|Az0532|TATLI PŞ|532
95|95|5|AĞSTAFA|0|Az0533|SADIXLI-1 GOMRUK|533
96|96|6|AĞSU|0|Az0600|MƏRKƏZI PŞ|600
97|97|6|AĞSU|0|Az0601|1 SAYLI PŞ|601
98|98|6|AĞSU|0|Az0611|BICO PŞ|611
99|99|6|AĞSU|0|Az0612|BOZAVAND PŞ|612
100|100|6|AĞSU|0|Az0614|ÇAPARLI PŞ|614
101|101|6|AĞSU|0|Az0615|ÇIYNI PŞ|615
102|102|6|AĞSU|0|Az0616|ƏRƏBMEHDIBƏY PŞ|616
103|103|6|AĞSU|0|Az0617|ƏRƏBUŞAĞI PŞ|617
104|104|6|AĞSU|0|Az0618|GƏGƏLI PŞ|618
105|105|6|AĞSU|0|Az0620|ILXIÇI PŞ|620
106|106|6|AĞSU|0|Az0621|KALVA PŞ|621
107|107|6|AĞSU|0|Az0623|QARAQOYUNLU PŞ|623
108|108|6|AĞSU|0|Az0625|NÖVCÜ PŞ|625
109|109|6|AĞSU|0|Az0627|PADAR PŞ|627
110|110|6|AĞSU|0|Az0629|PIRHƏSƏNLI PŞ|629
111|111|6|AĞSU|0|Az0630|RƏHIMLI PŞ|630
112|112|7|ASTARA|0|Az0700|MƏRKƏZI PŞ|700
113|113|7|ASTARA|0|Az0701|1 SAYLI PŞ|701
114|114|7|ASTARA|0|Az0702|2 SAYLI PŞ|702
115|115|7|ASTARA|0|Az0704|ASTARA GOMRUK|704
116|116|7|ASTARA|0|Az0711|ƏRÇIVAN PŞ|711
117|117|7|ASTARA|0|Az0714|KAKALOS PŞ|714
118|118|7|ASTARA|0|Az0715|KICABƏ PŞ|715
119|119|7|ASTARA|0|Az0716|MAŞXAN PŞ|716
120|120|7|ASTARA|0|Az0717|PENSƏR PŞ|717
121|121|7|ASTARA|0|Az0719|SƏNCƏRƏDI PŞ|719
122|122|7|ASTARA|0|Az0720|SIYƏKÜ PŞ|720
123|123|7|ASTARA|0|Az0721|SUPARIBAĞ PŞ|721
124|124|7|ASTARA|0|Az0722|ŞAHAĞACI PŞ|722
125|125|7|ASTARA|0|Az0723|ŞIYƏKƏRAN PŞ|723
126|126|7|ASTARA|0|Az0724|ŞUVI PŞ|724
127|127|7|ASTARA|0|Az0725|TƏNGƏRÜD PŞ|725
128|128|8|BALAKƏN|0|Az0800|MƏRKƏZI PŞ|800
129|129|8|BALAKƏN|0|Az0801|1 SAYLI PŞ|801
130|130|8|BALAKƏN|0|Az0811|GƏRƏKLI PŞ|811
131|131|8|BALAKƏN|0|Az0812|HƏNIFƏ PŞ|812
132|132|8|BALAKƏN|0|Az0814|ITITALA PŞ|814
133|133|8|BALAKƏN|0|Az0815|KATEX PŞ|815
134|134|8|BALAKƏN|0|Az0816|QABAQÇÖL PŞ|816
135|135|8|BALAKƏN|0|Az0817|KORTALA PŞ|817
136|136|8|BALAKƏN|0|Az0818|PÜŞTƏTALA PŞ|818
137|137|8|BALAKƏN|0|Az0820|QAZMA PŞ|820
138|138|8|BALAKƏN|0|Az0821|QAZBINƏ PŞ|821
139|139|8|BALAKƏN|0|Az0822|QULLAR PŞ|822
140|140|8|BALAKƏN|0|Az0823|MAHAMALAR PŞ|823
141|141|8|BALAKƏN|0|Az0824|MEŞƏŞAMBUL PŞ|824
142|142|8|BALAKƏN|0|Az0826|SARIBULAQ PŞ|826
143|143|8|BALAKƏN|0|Az0827|ŞAMBUL PŞ|827
144|144|8|BALAKƏN|0|Az0828|ŞƏRIF PŞ|828
145|145|8|BALAKƏN|0|Az0829|TALALAR PŞ|829
146|146|8|BALAKƏN|0|Az0830|TÜLÜ PŞ|830
147|147|8|BALAKƏN|0|Az0831|YENI ŞƏRIF PŞ|831
148|148|8|BALAKƏN|0|Az0833|MAZIMÇAY PŞ (DGK)|833
149|149|9|BƏRDƏ|0|Az0900|MƏRKƏZI PŞ|900
150|150|9|BƏRDƏ|0|Az0901|BƏRDƏ-1  PŞ|901
151|151|9|BƏRDƏ|0|Az0902|BƏRDƏ-2 PŞ|902
152|152|9|BƏRDƏ|0|Az0911|ALPOUT PŞ|911
153|153|9|BƏRDƏ|0|Az0912|BƏRDƏ ST PŞ|912
154|154|9|BƏRDƏ|0|Az0913|BÖYÜK GÖYÜŞLÜ PŞ|913
155|155|9|BƏRDƏ|0|Az0914|QAZAXLAR PŞ|914
156|156|9|BƏRDƏ|0|Az0915|YENI ƏYRIÇƏ PŞ|915
157|157|9|BƏRDƏ|0|Az0918|HACALLI PŞ|918
158|158|9|BƏRDƏ|0|Az0919|HƏSƏNQAYA PŞ|919
159|159|9|BƏRDƏ|0|Az0922|KƏTƏLPARAQ PŞ|922
160|160|9|BƏRDƏ|0|Az0924|QARADƏMIRÇI PŞ|924
161|161|9|BƏRDƏ|0|Az0925|QARAQIRNAQ PŞ|925
162|162|9|BƏRDƏ|0|Az0927|LƏNBƏRAN PŞ|927
163|163|9|BƏRDƏ|0|Az0928|MEHDIXANLI PŞ|928
164|164|9|BƏRDƏ|0|Az0929|MEHDILI PŞ|929
165|165|9|BƏRDƏ|0|Az0931|MIRZƏCƏFƏRLI PŞ|931
166|166|9|BƏRDƏ|0|Az0933|MIRZƏLIBƏYLI PŞ|933
167|167|9|BƏRDƏ|0|Az0937|OTUZIKILƏR PŞ|937
168|168|9|BƏRDƏ|0|Az0938|SAMUX PŞ|938
169|169|9|BƏRDƏ|0|Az0942|ŞIRVANLI PŞ|942
170|170|9|BƏRDƏ|0|Az0943|YENIDAŞKƏND PŞ|943
171|171|9|BƏRDƏ|1|Az0900|Agentlik Vergiler|900
172|172|9|BƏRDƏ|1|Az0900|Agentlik Miqrasiya|900
173|173|9|BƏRDƏ|1|Az0900|Agentlik Qachqinlar|900
174|174|9|BƏRDƏ|1|Az0900|Agentlik DYP|900
175|175|9|BƏRDƏ|1|Az0900|Agentlik Elektrik|900
176|176|12|BEYLƏQAN|0|Az1200|MƏRKƏZI PŞ|1200
177|177|12|BEYLƏQAN|0|Az1211|AŞAĞI ÇƏMƏNLI PŞ|1211
178|178|12|BEYLƏQAN|0|Az1213|BINNƏTLI PŞ|1213
179|179|12|BEYLƏQAN|0|Az1214|ALLAHYARLI PŞ|1214
180|180|12|BEYLƏQAN|0|Az1215|AŞIQLI-1 PŞ|1215
181|181|12|BEYLƏQAN|0|Az1216|DAŞBURUN PŞ|1216
182|182|12|BEYLƏQAN|0|Az1217|DÜNYAMALLAR PŞ|1217
183|183|12|BEYLƏQAN|0|Az1218|EYVAZALLAR PŞ|1218
184|184|12|BEYLƏQAN|0|Az1219|ƏLINƏZƏRLI PŞ|1219
185|185|12|BEYLƏQAN|0|Az1220|XALAÇ PŞ|1220
186|186|12|BEYLƏQAN|0|Az1222|KƏBIRLI PŞ|1222
187|187|12|BEYLƏQAN|0|Az1223|QARALLAR PŞ|1223
188|188|12|BEYLƏQAN|0|Az1224|QƏHRƏMANLI PŞ|1224
189|189|12|BEYLƏQAN|0|Az1225|MIL-2 PŞ|1225
190|190|12|BEYLƏQAN|0|Az1226|MILABAD PŞ|1226
191|191|12|BEYLƏQAN|0|Az1227|ÖRƏNQALA PŞ|1227
192|192|12|BEYLƏQAN|0|Az1228|ŞAHSEVƏN-2 PŞ|1228
193|193|12|BEYLƏQAN|0|Az1230|TATALLAR PŞ|1230
194|194|12|BEYLƏQAN|0|Az1232|YUXARI ARAN PŞ|1232
195|195|12|BEYLƏQAN|0|Az1234|YUXARI ÇƏMƏNLI PŞ|1234
196|196|12|BEYLƏQAN|0|Az1236|TƏZƏKƏND PŞ|1236
197|197|13|BILƏSUVAR|0|Az1300|MƏRKƏZI PŞ|1300
198|198|13|BILƏSUVAR|0|Az1301|1 SAYLI PŞ|1301
199|199|13|BILƏSUVAR|0|Az1311|AĞALIKƏND PŞ|1311
200|200|13|BILƏSUVAR|0|Az1312|BAĞBANLAR PŞ|1312
201|201|13|BILƏSUVAR|0|Az1313|AŞAĞI CÜRƏLI PŞ|1313
202|202|13|BILƏSUVAR|0|Az1316|ƏSGƏRABAD PŞ|1316
203|203|13|BILƏSUVAR|0|Az1317|XIRMANDALI PŞ|1317
204|204|13|BILƏSUVAR|0|Az1318|ISMƏTLI PŞ|1318
205|205|13|BILƏSUVAR|0|Az1319|SƏMƏDABAD PŞ|1319
206|206|13|BILƏSUVAR|0|Az1320|NƏSIMIKƏND PŞ|1320
207|207|13|BILƏSUVAR|0|Az1323|DÖVRÜŞLÜ PŞ|1323
208|208|13|BILƏSUVAR|0|Az1325|QOŞATƏPƏ GÖMRÜK (DGK)|1325
209|209|13|BILƏSUVAR|0|Az1325|QOŞATƏPƏ GÖMRÜK-2 (DGK)|1325
210|210|13|BILƏSUVAR|1|Az1300|BƏYDILI PA|1300
211|211|13|BILƏSUVAR|1|Az1311|AMANKƏND  PA|1311
212|212|13|BILƏSUVAR|1|Az1312|ZƏHMƏTABAD  PA|1312
213|213|13|BILƏSUVAR|1|Az1320|NƏRIMANKƏND PA|1320
214|214|14|CƏBRAYIL|0|Az1400|CƏBRAYIL PF 9 qesebe|1400
215|215|14|CƏBRAYIL|0|Az1401|COCUQ MERCANLI|1401
216|216|14|CƏBRAYIL|1|Az1400|3 SAYLI PA|1400
217|217|14|CƏBRAYIL|1|Az1400|9 SAYLI QESEBE PA MPS|1400
218|218|15|CƏLILABAD|0|Az1500|MƏRKƏZI PŞ|1500
219|219|15|CƏLILABAD|0|Az1501|1 SAYLI PŞ|1501
220|220|15|CƏLILABAD|0|Az1502|2 SAYLI PŞ|1502
221|221|15|CƏLILABAD|0|Az1511|AĞDAŞ PŞ|1511
222|222|15|CƏLILABAD|0|Az1512|ALAR PŞ|1512
223|223|15|CƏLILABAD|0|Az1513|CƏNGAN PŞ|1513
224|224|15|CƏLILABAD|0|Az1514|GÖYTƏPƏ PŞ|1514
225|225|15|CƏLILABAD|0|Az1516|GÜNƏŞLI PŞ|1516
226|226|15|CƏLILABAD|0|Az1517|HAMARQIŞLAQ PŞ|1517
227|227|15|CƏLILABAD|0|Az1518|XƏNAGAH PŞ|1518
228|228|15|CƏLILABAD|0|Az1519|KOMANLI PŞ|1519
229|229|15|CƏLILABAD|0|Az1520|QARAKAZIMLI PŞ|1520
230|230|15|CƏLILABAD|0|Az1521|QARAZƏNCIR PŞ|1521
231|231|15|CƏLILABAD|0|Az1523|PRIVOLNOYE PŞ|1523
232|232|15|CƏLILABAD|0|Az1524|SABIRABAD PŞ|1524
233|233|15|CƏLILABAD|0|Az1525|ŞILƏVƏNGƏ PŞ|1525
234|234|15|CƏLILABAD|0|Az1526|TƏKLƏ PŞ|1526
235|235|15|CƏLILABAD|0|Az1527|UZUNTƏPƏ PŞ|1527
236|236|15|CƏLILABAD|0|Az1528|ÜÇTƏPƏ PŞ|1528
237|237|15|CƏLILABAD|0|Az1529|ƏLIQASIMLI PŞ|1529
238|238|15|CƏLILABAD|0|Az1530|ASTANLI PŞ|1530
239|239|16|DAŞKƏSƏN|0|Az1600|MƏRKƏZI PŞ|1600
240|240|16|DAŞKƏSƏN|0|Az1613|BAYAN PŞ|1613
241|241|16|DAŞKƏSƏN|0|Az1621|QABAQTƏPƏ PŞ|1621
242|242|16|DAŞKƏSƏN|0|Az1626|YUXARI DAŞKƏSƏN PŞ|1626
243|243|17|ŞABRAN|0|Az1700|MƏRKƏZI PŞ|1700
244|244|17|ŞABRAN|0|Az1701|1 SAYLI PŞ|1701
245|245|17|ŞABRAN|0|Az1711|AĞALIQ PŞ|1711
246|246|17|ŞABRAN|0|Az1714|DAĞBILICI PŞ|1714
247|247|17|ŞABRAN|0|Az1715|DƏVƏÇI VAĞZAL|1715
248|248|17|ŞABRAN|0|Az1716|ƏMIRXANLI PŞ|1716
249|249|17|ŞABRAN|0|Az1717|GƏNDOB PŞ|1717
250|250|17|ŞABRAN|0|Az1718|PIRƏBƏDIL PŞ|1718
251|251|17|ŞABRAN|0|Az1719|RƏHIMLI PŞ|1719
252|252|17|ŞABRAN|0|Az1720|DƏVƏÇIKƏND PŞ|1720
253|253|17|ŞABRAN|0|Az1721|ŞAHNƏZƏRLI PŞ|1721
254|254|17|ŞABRAN|0|Az1725|ZEYVƏ PŞ|1725
255|255|18|ŞIRVAN|0|Az1800|MƏRKƏZI PŞ|1800
256|256|18|ŞIRVAN|0|Az1801|1 SAYLI PŞ|1801
257|257|18|ŞIRVAN|0|Az1802|2 SAYLI PŞ|1802
258|258|18|ŞIRVAN|0|Az1803|3 SAYLI PŞ|1803
259|259|18|ŞIRVAN|0|Az1804|4 SAYLI PŞ|1804
260|260|18|ŞIRVAN|0|Az1806|6 SAYLI PŞ|1806
261|261|18|ŞIRVAN|0|Az1812|12 SAYLI PŞ|1812
262|262|18|ŞIRVAN|1|Az1800|OVIR Sirvan|1800
263|263|19|FÜZULI|0|Az1900|MƏRKƏZI PŞ|1900
264|264|19|FÜZULI|0|Az1915|BABI PŞ|1915
265|265|19|FÜZULI|0|Az1917|BALA BƏHMƏNLI PŞ|1917
266|266|19|FÜZULI|0|Az1921|ƏHMƏDBƏYLI PŞ|1921
267|267|19|FÜZULI|0|Az1924|HORADIZ QƏSƏBƏ PŞ|1924
268|268|19|FÜZULI|0|Az1930|KƏRIMBƏYLI PŞ|1930
269|269|20|GƏNCƏ|0|Az2000|MƏRKƏZI PŞ|2000
270|270|20|GƏNCƏ|0|Az2001|1 SAYLI PŞ|2001
271|271|20|GƏNCƏ|0|Az2002|2 SAYLI PŞ|2002
272|272|20|GƏNCƏ|0|Az2003|3 SAYLI PŞ|2003
273|273|20|GƏNCƏ|0|Az2004|4 SAYLI PŞ|2004
274|274|20|GƏNCƏ|0|Az2005|5 SAYLI PŞ|2005
275|275|20|GƏNCƏ|0|Az2006|6 SAYLI PŞ|2006
276|276|20|GƏNCƏ|0|Az2007|7 SAYLI PŞ|2007
277|277|20|GƏNCƏ|0|Az2008|8 SAYLI PŞ|2008
278|278|20|GƏNCƏ|0|Az2009|9 SAYLI PŞ|2009
279|279|20|GƏNCƏ|0|Az2010|10 SAYLI PŞ|2010
280|280|20|GƏNCƏ|0|Az2011|11 SAYLI PŞ|2011
281|281|20|GƏNCƏ|0|Az2012|12 SAYLI PŞ|2012
282|282|20|GƏNCƏ|0|Az2013|13 SAYLI PŞ|2013
283|283|20|GƏNCƏ|0|Az2016|16 SAYLI PŞ|2016
284|284|20|GƏNCƏ|0|Az2017|17 SAYLI PŞ|2017
285|285|20|GƏNCƏ|0|Az2018|18 SAYLI PŞ|2018
286|286|20|GƏNCƏ|0|Az2019|19 SAYLI PŞ|2019
287|287|20|GƏNCƏ|0|Az2021|21 SAYLI PŞ|2021
288|288|20|GƏNCƏ|0|Az2022|22 SAYLI PŞ|2022
289|289|20|GƏNCƏ|0|Az2023|23 SAYLI PŞ|2023
290|290|20|GƏNCƏ|0|Az2024|24 SAYLI PŞ|2024
291|291|21|GƏDƏBƏY|0|Az2100|MƏRKƏZI PŞ|2100
292|292|21|GƏDƏBƏY|0|Az2111|ÇANAQÇI PŞ|2111
293|293|21|GƏDƏBƏY|0|Az2112|ARABAÇI PŞ|2112
294|294|21|GƏDƏBƏY|0|Az2114|BÖYÜK QARAMURAD PŞ|2114
295|295|21|GƏDƏBƏY|0|Az2116|ÇOBANKƏND PŞ|2116
296|296|21|GƏDƏBƏY|0|Az2118|DƏYIRMANDAĞ PŞ|2118
297|297|21|GƏDƏBƏY|0|Az2120|ALNABAT PŞ|2120
298|298|21|GƏDƏBƏY|0|Az2123|GƏR-GƏR PŞ|2123
299|299|21|GƏDƏBƏY|0|Az2124|GÖYƏLLI PŞ|2124
300|300|21|GƏDƏBƏY|0|Az2128|ISALI PŞ|2128
301|301|21|GƏDƏBƏY|0|Az2129|IVANOVKA PŞ|2129
302|302|21|GƏDƏBƏY|0|Az2130|KIÇIK QARAMURAD PŞ|2130
303|303|21|GƏDƏBƏY|0|Az2131|QARAMƏMMƏDLI PŞ|2131
304|304|21|GƏDƏBƏY|0|Az2133|QOŞABULAQ PŞ|2133
305|305|21|GƏDƏBƏY|0|Az2135|PLANKƏND PŞ|2135
306|306|21|GƏDƏBƏY|0|Az2137|RƏSULLU PŞ|2137
307|307|21|GƏDƏBƏY|0|Az2138|MISKINLI PŞ|2138
308|308|21|GƏDƏBƏY|0|Az2139|NƏRIMANKƏND PŞ|2139
309|309|21|GƏDƏBƏY|0|Az2140|SARATOVKA PŞ|2140
310|310|21|GƏDƏBƏY|0|Az2141|SLAVYANKA PŞ|2141
311|311|21|GƏDƏBƏY|0|Az2142|SÖYÜDLÜ PŞ|2142
312|312|21|GƏDƏBƏY|0|Az2144|ZƏHMƏT PŞ|2144
313|313|22|GORANBOY|0|Az2200|MƏRKƏZI PŞ|2200
314|314|22|GORANBOY|0|Az2201|1 SAYLI PŞ|2201
315|315|22|GORANBOY|0|Az2211|DUZQIShLAQ PŞ|2211
316|316|22|GORANBOY|0|Az2212|AŞAĞI AĞCAKƏND PŞ|2212
317|317|22|GORANBOY|0|Az2214|BORSUNLU PŞ|2214
318|318|22|GORANBOY|0|Az2215|BOLUSLU PŞ|2215
319|319|22|GORANBOY|0|Az2216|DƏLIMƏMMƏDLI PŞ|2216
320|320|22|GORANBOY|0|Az2218|FAXRALI PŞ|2218
321|321|22|GORANBOY|0|Az2222|HAZIR ƏHMƏDLI PŞ|2222
322|322|22|GORANBOY|0|Az2223|XAN QƏRVƏND PŞ|2223
323|323|22|GORANBOY|0|Az2225|XINALI PŞ|2225
324|324|22|GORANBOY|0|Az2226|XOYLU PŞ|2226
325|325|22|GORANBOY|0|Az2227|QARADAĞLI PŞ|2227
326|326|22|GORANBOY|0|Az2231|QIZIL HACILI PŞ|2231
327|327|22|GORANBOY|0|Az2232|QIZIL HACILI 1 PŞ|2232
328|328|22|GORANBOY|0|Az2233|MUZDURLAR PŞ|2233
329|329|22|GORANBOY|0|Az2235|NIZAMI PŞ|2235
330|330|22|GORANBOY|0|Az2237|SƏFIKÜRD PŞ|2237
331|331|22|GORANBOY|0|Az2239|ŞƏFƏQ PŞ|2239
332|332|22|GORANBOY|0|Az2240|TAP QARAQOYUNLU PŞ|2240
333|333|22|GORANBOY|0|Az2241|VEYISLI PŞ|2241
334|334|22|GORANBOY|0|Az2243|ZEYVƏ PŞ|2243
335|335|22|GORANBOY|0|Az2248|SƏMƏDABAD PŞ|2248
336|336|23|GÖYÇAY|0|Az2300|MƏRKƏZI PŞ|2300
337|337|23|GÖYÇAY|0|Az2301|1 SAYLI PŞ|2301
338|338|23|GÖYÇAY|0|Az2302|2 SAYLI PŞ|2302
339|339|23|GÖYÇAY|0|Az2303|3 SAYLI PŞ|2303
340|340|23|GÖYÇAY|0|Az2311|ALXASAFA PŞ|2311
341|341|23|GÖYÇAY|0|Az2312|ALPOUD PŞ|2312
342|342|23|GÖYÇAY|0|Az2313|BƏYDÖVÜL PŞ|2313
343|343|23|GÖYÇAY|0|Az2314|BIĞIR PŞ|2314
344|344|23|GÖYÇAY|0|Az2315|CƏYIRLI PŞ|2315
345|345|23|GÖYÇAY|0|Az2316|ÇAXIRLIPŞ|2316
346|346|23|GÖYÇAY|0|Az2317|ÇƏRƏKƏ PŞ|2317
347|347|23|GÖYÇAY|0|Az2318|QARAYAZI PŞ|2318
348|348|23|GÖYÇAY|0|Az2319|INÇƏ PŞ|2319
349|349|23|GÖYÇAY|0|Az2320|KÜRDŞABAN PŞ|2320
350|350|23|GÖYÇAY|0|Az2321|QARABAQQAL PŞ|2321
351|351|23|GÖYÇAY|0|Az2322|QARAMAN PŞ|2322
352|352|23|GÖYÇAY|0|Az2323|QARAMƏRYƏM PŞ|2323
353|353|23|GÖYÇAY|0|Az2324|QIZILAĞAC PŞ|2324
354|354|23|GÖYÇAY|0|Az2325|LƏKÇIPLAQ PŞ|2325
355|355|23|GÖYÇAY|0|Az2326|MALLI ŞIXLI PŞ|2326
356|356|23|GÖYÇAY|0|Az2327|MƏLIKKƏND PŞ|2327
357|357|23|GÖYÇAY|0|Az2328|MIRTI PŞ|2328
358|358|23|GÖYÇAY|0|Az2329|MÜŞKÜRLÜ PŞ|2329
359|359|23|GÖYÇAY|0|Az2330|POTU PŞ|2330
360|360|23|GÖYÇAY|0|Az2331|ƏRƏBCƏBIRLI PŞ|2331
361|361|23|GÖYÇAY|0|Az2332|YENIARX PŞ|2332
362|362|23|GÖYÇAY|0|Az2333|ŞƏKƏR PŞ|2333
363|363|23|GÖYÇAY|1|Az2300|MIQRASIYA AGENTLIK|2300
364|364|23|GÖYÇAY|1|Az2300|PASPORT STOL AGENTLIK|2300
365|365|23|GÖYÇAY|1|Az2328|ŞƏKƏR PA|2328
366|366|24|HACIQABUL|0|Az2400|MƏRKƏZI PŞ|2400
367|367|24|HACIQABUL|0|Az2401|1 SAYLI PŞ|2401
368|368|24|HACIQABUL|0|Az2411|ABDULABAD PŞ|2411
369|369|24|HACIQABUL|0|Az2412|ATBULAQ PŞ|2412
370|370|24|HACIQABUL|0|Az2413|QARASU PŞ|2413
371|371|24|HACIQABUL|0|Az2414|MEYNIMAN PŞ|2414
372|372|24|HACIQABUL|0|Az2415|MUĞAN PŞ|2415
373|373|24|HACIQABUL|0|Az2416|NƏVAHI PŞ|2416
374|374|24|HACIQABUL|0|Az2417|RƏNCBƏR PŞ|2417
375|375|24|HACIQABUL|0|Az2418|TALIŞ PŞ|2418
376|376|24|HACIQABUL|0|Az2419|UDULU PŞ|2419
377|377|24|HACIQABUL|0|Az2420|QUBALI BALAOĞLAN PŞ|2420
378|378|24|HACIQABUL|0|Az2421|PADAR QƏSƏBƏ PŞ|2421
379|379|25|GÖY-GÖL|0|Az2500|MƏRKƏZI PŞ|2500
380|380|25|GÖY-GÖL|0|Az2501|1 SAYLI PŞ|2501
381|381|25|GÖY-GÖL|0|Az2511|AŞIQLI PŞ|2511
382|382|25|GÖY-GÖL|0|Az2512|ÇAYKƏND PŞ|2512
383|383|25|GÖY-GÖL|0|Az2516|BALÇILI PŞ|2516
384|384|25|GÖY-GÖL|0|Az2517|QIRIXLI PŞ|2517
385|385|25|GÖY-GÖL|0|Az2520|QUŞQARA PŞ|2520
386|386|25|GÖY-GÖL|0|Az2521|MOLLACƏLILLI PŞ|2521
387|387|25|GÖY-GÖL|0|Az2522|NADEL PŞ|2522
388|388|25|GÖY-GÖL|0|Az2525|TOĞANA PŞ|2525
389|389|25|GÖY-GÖL|0|Az2526|TOPALHƏSƏNLI PŞ|2526
390|390|25|GÖY-GÖL|0|Az2527|ÜÇTƏPƏ PŞ|2527
391|391|25|GÖY-GÖL|0|Az2528|YENI ZOD PŞ|2528
392|392|25|GÖY-GÖL|1|Az2500|ATS-in yaninda|2500
393|393|27|XAÇMAZ|0|Az2700|MƏRKƏZI PŞ|2700
394|394|27|XAÇMAZ|0|Az2702|2 SAYLI PŞ|2702
395|395|27|XAÇMAZ|0|Az2703|3 SAYLI PŞ|2703
396|396|27|XAÇMAZ|0|Az2704|4 SAYLI PŞ|2704
397|397|27|XAÇMAZ|0|Az2711|ALEKSEEVKA PŞ|2711
398|398|27|XAÇMAZ|0|Az2712|ÇARXI PŞ|2712
399|399|27|XAÇMAZ|0|Az2713|DƏDƏLI PŞ|2713
400|400|27|XAÇMAZ|0|Az2714|HACIƏLIBƏY PŞ|2714
401|401|27|XAÇMAZ|0|Az2715|HƏSƏNQALA PŞ|2715
402|402|27|XAÇMAZ|0|Az2716|HÜLÖVLÜ PŞ|2716
403|403|27|XAÇMAZ|0|Az2717|XUDAT PŞ|2717
404|404|27|XAÇMAZ|0|Az2718|KƏND XUDAT PŞ|2718
405|405|27|XAÇMAZ|0|Az2719|QARAÇAYCEK PŞ|2719
406|406|27|XAÇMAZ|0|Az2720|QIMIL QIŞLAQ PŞ|2720
407|407|27|XAÇMAZ|0|Az2721|QUSARÇAY PŞ|2721
408|408|27|XAÇMAZ|0|Az2722|LƏCƏT PŞ|2722
409|409|27|XAÇMAZ|0|Az2723|MUXTADIR PŞ|2723
410|410|27|XAÇMAZ|0|Az2724|NABRAN PŞ|2724
411|411|27|XAÇMAZ|0|Az2725|NƏRƏCAN PŞ|2725
412|412|27|XAÇMAZ|0|Az2726|NIYAZOBA PŞ|2726
413|413|27|XAÇMAZ|0|Az2727|MÜŞKÜR PŞ|2727
414|414|27|XAÇMAZ|0|Az2728|PIRQULUOBA PŞ|2728
415|415|27|XAÇMAZ|0|Az2729|UZUN OBA PŞ|2729
416|416|27|XAÇMAZ|0|Az2730|YALAMA PŞ|2730
417|417|27|XAÇMAZ|0|Az2731|YENI HƏYAT PŞ|2731
418|418|27|XAÇMAZ|0|Az2732|YERGÜC PŞ|2732
419|419|27|XAÇMAZ|0|Az2734|XANOBA   GOMRUK|2734
420|420|28|XOCAVƏND RRQ|0|Az2800|XOCAVƏND RQ|2800
421|421|29|XOCALI|0|Az2900|XOCALI RRQ|2900
422|422|30|IMIŞLI|0|Az3000|MƏRKƏZI PŞ|3000
423|423|30|IMIŞLI|0|Az3011|AĞAMƏMMƏDLI PŞ|3011
424|424|30|IMIŞLI|0|Az3012|ARANLI PŞ|3012
425|425|30|IMIŞLI|0|Az3013|BƏCRƏVAN PŞ|3013
426|426|30|IMIŞLI|0|Az3014|BƏHRƏMTƏPƏ PŞ|3014
427|427|30|IMIŞLI|0|Az3018|ƏLIQULLAR PŞ|3018
428|428|30|IMIŞLI|0|Az3022|QARADONLU PŞ|3022
429|429|30|IMIŞLI|0|Az3024|QARALAR PŞ|3024
430|430|30|IMIŞLI|0|Az3026|QIZILKƏND PŞ|3026
431|431|30|IMIŞLI|0|Az3028|MƏMMƏDLI PŞ|3028
432|432|30|IMIŞLI|0|Az3029|MƏZRƏLI PŞ|3029
433|433|30|IMIŞLI|0|Az3030|OTUZIKILƏR PŞ|3030
434|434|30|IMIŞLI|0|Az3031|MURADXANLI PŞ|3031
435|435|30|IMIŞLI|0|Az3034|RƏSULLU PŞ|3034
436|436|30|IMIŞLI|0|Az3035|ŞAHVERDILI PŞ|3035
437|437|30|IMIŞLI|0|Az3036|SARIXANLI PŞ|3036
438|438|30|IMIŞLI|0|Az3037|SOLTANMURADLI PŞ|3037
439|439|30|IMIŞLI|0|Az3039|GÖBƏKTALA PŞ|3039
440|440|30|IMIŞLI|1|Az3000|MERO agentlik|3000
441|441|31|ISMAYILLI|0|Az3100|MƏRKƏZI PŞ|3100
442|442|31|ISMAYILLI|0|Az3101|1 SAYLI PŞ|3101
443|443|31|ISMAYILLI|0|Az3111|BASQAL PŞ|3111
444|444|31|ISMAYILLI|0|Az3112|AŞIQBAYRAMLI|3112
445|445|31|ISMAYILLI|0|Az3113|HACIHƏTƏMLI PŞ|3113
446|446|31|ISMAYILLI|0|Az3114|IVANOVKA PŞ|3114
447|447|31|ISMAYILLI|0|Az3115|DIYALLI PŞ|3115
448|448|31|ISMAYILLI|0|Az3116|KÜRDMAŞI PŞ|3116
449|449|31|ISMAYILLI|0|Az3117|QALAÇIQ PŞ|3117
450|450|31|ISMAYILLI|0|Az3118|QALAGAH PŞ|3118
451|451|31|ISMAYILLI|0|Az3119|QALINÇAQ PŞ|3119
452|452|31|ISMAYILLI|0|Az3121|QUBAXƏLILLI PŞ|3121
453|453|31|ISMAYILLI|0|Az3122|QUŞENCƏ PŞ|3122
454|454|31|ISMAYILLI|0|Az3123|LAHIC PŞ|3123
455|455|31|ISMAYILLI|0|Az3124|RUŞAN PŞ|3124
456|456|31|ISMAYILLI|0|Az3125|TALISTAN PŞ|3125
457|457|31|ISMAYILLI|0|Az3126|TƏZƏKƏND PŞ|3126
458|458|31|ISMAYILLI|0|Az3127|TIRCAN PŞ|3127
459|459|31|ISMAYILLI|0|Az3128|TOPÇU PŞ|3128
460|460|31|ISMAYILLI|0|Az3129|QURBANƏFƏNDI PŞ|3129
461|461|31|ISMAYILLI|0|Az3130|GÜLYAN PŞ|3130
462|462|31|ISMAYILLI|0|Az3131|XƏLILLI PŞ|3131
463|463|31|ISMAYILLI|0|Az3135|MOLLAISAQLI PŞ|3135
464|464|31|ISMAYILLI|0|Az3136|SUMAĞALI PŞ|3136
465|465|32|KƏLBƏCƏR RRQ|0|Az3200|KƏLBƏCƏR RQ|3200
466|466|32|KƏLBƏCƏR RRQ|0|Az3218|ZAR PŞ (Gənjə)|3218
467|467|33|KÜRDƏMIR|0|Az3300|MƏRKƏZI PŞ|3300
468|468|33|KÜRDƏMIR|0|Az3301|1 SAYLI PŞ|3301
469|469|33|KÜRDƏMIR|0|Az3313|CƏYLI PŞ|3313
470|470|33|KÜRDƏMIR|0|Az3314|KARRAR QƏSƏBƏ PŞ|3314
471|471|33|KÜRDƏMIR|0|Az3315|XIRDAPAY PŞ|3315
472|472|33|KÜRDƏMIR|0|Az3316|KARRAR PŞ|3316
473|473|33|KÜRDƏMIR|0|Az3317|KÖHÜNLÜ PŞ|3317
474|474|33|KÜRDƏMIR|0|Az3320|MOLLAKƏND PŞ|3320
475|475|33|KÜRDƏMIR|0|Az3321|MURADXAN PŞ|3321
476|476|33|KÜRDƏMIR|0|Az3323|SIĞIRLI PŞ|3323
477|477|33|KÜRDƏMIR|0|Az3324|SOR-SOR PŞ|3324
478|478|33|KÜRDƏMIR|0|Az3325|ŞIXIMLI PŞ|3325
479|479|33|KÜRDƏMIR|0|Az3326|ŞILYAN  PŞ|3326
480|480|33|KÜRDƏMIR|0|Az3327|TOPALHƏSƏNLI PŞ|3327
481|481|33|KÜRDƏMIR|0|Az3328|YENIKƏND PŞ|3328
482|482|33|KÜRDƏMIR|0|Az3329|ATAKIŞILI PŞ|3329
483|483|33|KÜRDƏMIR|0|Az3332|QARASAQQAL PŞ|3332
484|484|33|KÜRDƏMIR|0|Az3333|ÇÖHRANLI PŞ|3333
485|485|33|KÜRDƏMIR|0|Az3334|MEHDILI PŞ|3334
486|486|34|QAX|0|Az3400|MƏRKƏZI PŞ|3400
487|487|34|QAX|0|Az3401|1 SAYLI PŞ|3401
488|488|34|QAX|0|Az3411|ALATƏMIR PŞ|3411
489|489|34|QAX|0|Az3412|ALMALI PŞ|3412
490|490|34|QAX|0|Az3413|CƏLAYER PŞ|3413
491|491|34|QAX|0|Az3414|ƏLIBƏYLI  PŞ|3414
492|492|34|QAX|0|Az3416|GÜLLÜK PŞ|3416
493|493|34|QAX|0|Az3417|ILISU PŞ|3417
494|494|34|QAX|0|Az3418|KÖTÜKLÜ PŞ|3418
495|495|34|QAX|0|Az3419|QAX INGILOY PŞ|3419
496|496|34|QAX|0|Az3420|QORAĞAN PŞ|3420
497|497|34|QAX|0|Az3421|QAŞQAÇAY PŞ|3421
498|498|34|QAX|0|Az3422|QIPÇAQ PŞ|3422
499|499|34|QAX|0|Az3423|QUM PŞ|3423
500|500|34|QAX|0|Az3424|LƏKIT PŞ|3424
501|501|34|QAX|0|Az3425|TASMALI PŞ|3425
502|502|34|QAX|0|Az3426|TURACLI PŞ|3426
503|503|34|QAX|0|Az3427|ÜZÜMLÜ PŞ|3427
504|504|34|QAX|0|Az3428|ZƏYƏM  PŞ|3428
505|505|35|QAZAX|0|Az3500|MƏRKƏZI PŞ|3500
506|506|35|QAZAX|0|Az3501|1 SAYLI PŞ|3501
507|507|35|QAZAX|0|Az3502|2 SAYLI PŞ|3502
508|508|35|QAZAX|0|Az3511|AĞKÖYNƏK PŞ|3511
509|509|35|QAZAX|0|Az3512|ALPOUD PŞ|3512
510|510|35|QAZAX|0|Az3513|ASLANBƏYLI PŞ|3513
511|511|35|QAZAX|0|Az3516|CƏFƏRLI PŞ|3516
512|512|35|QAZAX|0|Az3517|ÇAYLI PŞ|3517
513|513|35|QAZAX|0|Az3518|DAŞ SALAHLI PŞ|3518
514|514|35|QAZAX|0|Az3519|DƏMIRÇILƏR PŞ|3519
515|515|35|QAZAX|0|Az3520|XANLIQLAR PŞ|3520
516|516|35|QAZAX|0|Az3521|KƏMƏRLI PŞ|3521
517|517|35|QAZAX|0|Az3523|KOSALAR PŞ|3523
518|518|35|QAZAX|0|Az3524|QAYMAQLI PŞ|3524
519|519|35|QAZAX|0|Az3525|SINIQ KÖRPÜ PŞ (DGK)|3525
520|520|35|QAZAX|0|Az3528|ORTA SALAHLI PŞ|3528
521|521|35|QAZAX|0|Az3529|ŞIXLI-1 PŞ|3529
522|522|35|QAZAX|0|Az3530|ŞIXLI-2 PŞ|3530
523|523|35|QAZAX|0|Az3532|YUXARI SALAHLI PŞ|3532
524|524|35|QAZAX|0|Az3533|NƏRIMANOV QƏSƏBƏSI PŞ|3533
525|525|35|QAZAX|0|Az3534|HÜSEYNBƏYLI PŞ|3534
526|526|35|QAZAX|0|Az3536|FƏRƏHLI PŞ|3536
527|527|36|QƏBƏLƏ|0|Az3600|MƏRKƏZI PŞ|3600
528|528|36|QƏBƏLƏ|0|Az3601|1 SAYLI PŞ|3601
529|529|36|QƏBƏLƏ|0|Az3602|2 SAYLI PŞ|3602
530|530|36|QƏBƏLƏ|0|Az3611|BUM PŞ|3611
531|531|36|QƏBƏLƏ|0|Az3612|BUNUD PŞ|3612
532|532|36|QƏBƏLƏ|0|Az3613|ÇUXUR QƏBƏLƏ PŞ|3613
533|533|36|QƏBƏLƏ|0|Az3614|DIZAXLI PŞ|3614
534|534|36|QƏBƏLƏ|0|Az3615|ƏMIRVAN PŞ|3615
535|535|36|QƏBƏLƏ|0|Az3616|HACIALILI PŞ|3616
536|536|36|QƏBƏLƏ|0|Az3617|HƏMZƏLLI PŞ|3617
537|537|36|QƏBƏLƏ|0|Az3618|KÜRD PŞ|3618
538|538|36|QƏBƏLƏ|0|Az3619|QƏMƏRVAN PŞ|3619
539|539|36|QƏBƏLƏ|0|Az3620|MƏLIKLI PŞ|3620
540|540|36|QƏBƏLƏ|0|Az3621|MIXLIQOVAQ PŞ|3621
541|541|36|QƏBƏLƏ|0|Az3622|MIRZƏBƏYLI PŞ|3622
542|542|36|QƏBƏLƏ|0|Az3623|NIC-1 PŞ|3623
543|543|36|QƏBƏLƏ|0|Az3624|NIC-2 PŞ|3624
544|544|36|QƏBƏLƏ|0|Az3625|PIRƏLI PŞ|3625
545|545|36|QƏBƏLƏ|0|Az3627|TÜNTÜL PŞ|3627
546|546|36|QƏBƏLƏ|0|Az3628|VƏNDAM PŞ|3628
547|547|36|QƏBƏLƏ|0|Az3629|ZALAM PŞ|3629
548|548|36|QƏBƏLƏ|0|Az3630|ZARAGAN PŞ|3630
549|549|36|QƏBƏLƏ|0|Az3632|NOHURQIŞLAQ PŞ|3632
550|550|36|QƏBƏLƏ|0|Az3635|BÖYÜK ƏMILLI PŞ|3635
551|551|36|QƏBƏLƏ|0|Az3636|SOLTAN NUXA PŞ|3636
552|552|36|QƏBƏLƏ|0|Az3638|ZARAGAN-1|3638
553|553|37|QOBUSTAN|0|Az3700|MƏRKƏZI PŞ|3700
554|554|37|QOBUSTAN|0|Az3701|1 SAYLI PŞ|3701
555|555|37|QOBUSTAN|0|Az3711|CƏYIRLI PŞ|3711
556|556|37|QOBUSTAN|0|Az3713|ƏRƏBŞALBAŞ PŞ|3713
557|557|37|QOBUSTAN|0|Az3714|XILMILLI PŞ|3714
558|558|37|QOBUSTAN|0|Az3715|NABUR PŞ|3715
559|559|37|QOBUSTAN|0|Az3717|POLADLI PŞ|3717
560|560|37|QOBUSTAN|0|Az3719|TƏKLƏ PŞ|3719
561|561|37|QOBUSTAN|1|Az3700|MƏRKƏZI PA|3700
562|562|38|QUSAR|0|Az3800|MƏRKƏZI PŞ|3800
563|563|38|QUSAR|0|Az3802|2 SAYLI PŞ|3802
564|564|38|QUSAR|0|Az3803|3 SAYLI PŞ|3803
565|565|38|QUSAR|0|Az3811|AŞAĞI LƏYƏR PŞ|3811
566|566|38|QUSAR|0|Az3814|DÜZTAHIR PŞ|3814
567|567|38|QUSAR|0|Az3816|ƏNIQ PŞ|3816
568|568|38|QUSAR|0|Az3817|GƏDƏZEYXUR PŞ|3817
569|569|38|QUSAR|0|Az3818|GÜNDÜZQALA PŞ|3818
570|570|38|QUSAR|0|Az3819|HƏZRƏ PŞ|3819
571|571|38|QUSAR|0|Az3820|HIL PŞ|3820
572|572|38|QUSAR|0|Az3824|IMAMQULUKƏND PŞ|3824
573|573|38|QUSAR|0|Az3826|KUZUN QIŞLAQ PŞ|3826
574|574|38|QUSAR|0|Az3827|KUZUN PŞ|3827
575|575|38|QUSAR|0|Az3830|QUXUR OBA PŞ|3830
576|576|38|QUSAR|0|Az3831|QULLAR PŞ|3831
577|577|38|QUSAR|0|Az3833|PIRAL PŞ|3833
578|578|38|QUSAR|0|Az3834|ŞIRVANOVKA PŞ|3834
579|579|38|QUSAR|0|Az3835|URVA PŞ|3835
580|580|38|QUSAR|0|Az3836|YASAB PŞ|3836
581|581|38|QUSAR|0|Az3838|YUXARI ZEYXUR PŞ|3838
582|582|38|QUSAR|0|Az3840|SAMUR SDK GÖMRÜK|3840
583|583|38|QUSAR|1|Az3803|BALAQUSAR PA|3803
584|584|39|QUBADLI RRQ|0|Az3900|QUBADLI POÇTAMTI|3900
585|585|40|QUBA|0|Az4000|MƏRKƏZI PŞ|4000
586|586|40|QUBA|0|Az4001|1 SAYLI PŞ|4001
587|587|40|QUBA|0|Az4002|2 SAYLI PŞ|4002
588|588|40|QUBA|0|Az4003|3 SAYLI PŞ|4003
589|589|40|QUBA|0|Az4011|ALEKSEYEVKA PŞ|4011
590|590|40|QUBA|0|Az4012|ALPAN PŞ|4012
591|591|40|QUBA|0|Az4013|AMSAR PŞ|4013
592|592|40|QUBA|0|Az4014|ÇIÇI PŞ|4014
593|593|40|QUBA|0|Az4015|AŞAĞI ATUC PŞ|4015
594|594|40|QUBA|0|Az4019|XUCBALA PŞ|4019
595|595|40|QUBA|0|Az4022|KUPÇAL PŞ|4022
596|596|40|QUBA|0|Az4023|QƏÇRƏŞ|4023
597|597|40|QUBA|0|Az4024|QIRMIZI QƏSƏBƏ PŞ|4024
598|598|40|QUBA|0|Az4025|QONAQKƏND PŞ|4025
599|599|40|QUBA|0|Az4026|NÜGƏDI-1 PŞ|4026
600|600|40|QUBA|0|Az4027|NÜGƏDI-2 PŞ|4027
601|601|40|QUBA|0|Az4028|RUSTOV PŞ|4028
602|602|40|QUBA|0|Az4030|TALABI PŞ|4030
603|603|40|QUBA|0|Az4031|VƏL-VƏLƏ PŞ|4031
604|604|40|QUBA|0|Az4032|VLADIMIROVKA PŞ|4032
605|605|40|QUBA|0|Az4033|HACIHÜSEYNLI PŞ|4033
606|606|40|QUBA|0|Az4035|ZƏRDABI PŞ|4035
607|607|40|QUBA|0|Az4038|BARLI PŞ|4038
608|608|40|QUBA|1|Az4028|SUDUK PA|4028
609|609|41|LAÇIN RRQ|0|Az4100|LAÇIN RQ|4100
610|610|42|LƏNKƏRAN|0|Az4200|MƏRKƏZI PŞ|4200
611|611|42|LƏNKƏRAN|0|Az4201|1 SAYLI PŞ|4201
612|612|42|LƏNKƏRAN|0|Az4202|2 SAYLI PŞ|4202
613|613|42|LƏNKƏRAN|0|Az4203|3 SAYLI PŞ|4203
614|614|42|LƏNKƏRAN|0|Az4204|4 SAYLI PŞ|4204
615|615|42|LƏNKƏRAN|0|Az4205|5 SAYLI PŞ|4205
616|616|42|LƏNKƏRAN|0|Az4212|BOLADI PŞ|4212
617|617|42|LƏNKƏRAN|0|Az4214|GƏRMƏTÜK PŞ|4214
618|618|42|LƏNKƏRAN|0|Az4215|GIRDƏNI PŞ|4215
619|619|42|LƏNKƏRAN|0|Az4216|HAFTONI PŞ|4216
620|620|42|LƏNKƏRAN|0|Az4217|HIRKAN PŞ|4217
621|621|42|LƏNKƏRAN|0|Az4219|ISTISU PŞ|4219
622|622|42|LƏNKƏRAN|0|Az4221|KƏRGƏLAN PŞ|4221
623|623|42|LƏNKƏRAN|0|Az4222|LIMAN PŞ|4222
624|624|42|LƏNKƏRAN|0|Az4223|MAMUSTA PŞ|4223
625|625|42|LƏNKƏRAN|0|Az4224|NƏRIMANABAD-1PŞ|4224
626|626|42|LƏNKƏRAN|0|Az4226|OSAKÜÇƏ PŞ|4226
627|627|42|LƏNKƏRAN|0|Az4227|RVO PŞ|4227
628|628|42|LƏNKƏRAN|0|Az4228|SEPARADI PŞ|4228
629|629|42|LƏNKƏRAN|0|Az4230|ŞAĞLASER PŞ|4230
630|630|42|LƏNKƏRAN|0|Az4231|ŞÜRÜK PŞ|4231
631|631|42|LƏNKƏRAN|0|Az4232|VEL PŞ|4232
632|632|42|LƏNKƏRAN|0|Az4233|VERAVUL PŞ|4233
633|633|42|LƏNKƏRAN|0|Az4234|VILVAN PŞ|4234
634|634|42|LƏNKƏRAN|0|Az4235|BÜRCƏLI PŞ|4235
635|635|42|LƏNKƏRAN|0|Az4239|GÖYŞABAN PŞ|4239
636|636|42|LƏNKƏRAN|0|Az4243|ŞILAVAR PŞ|4243
637|637|42|LƏNKƏRAN|0|Az4244|SUTƏMURDOV PŞ|4244
638|638|42|LƏNKƏRAN|1|Az4200|MERO-Lenkeran|4200
639|639|43|LERIK|0|Az4300|MƏRKƏZI PŞ|4300
640|640|43|LERIK|0|Az4311|GÜNƏŞLI PŞ|4311
641|641|43|LERIK|0|Az4312|BILABƏND PŞ|4312
642|642|43|LERIK|0|Az4316|ÇAYRUD PŞ|4316
643|643|43|LERIK|0|Az4318|ƏLIABAD PŞ|4318
644|644|43|LERIK|0|Az4320|KƏLƏXAN PŞ|4320
645|645|43|LERIK|0|Az4321|KIRƏVUD PŞ|4321
646|646|43|LERIK|0|Az4322|QOSMALYAN PŞ|4322
647|647|43|LERIK|0|Az4323|LIVƏDIRQƏ PŞ|4323
648|648|43|LERIK|0|Az4324|MONIDIGAH PŞ|4324
649|649|43|LERIK|0|Az4327|PIRAN PŞ|4327
650|650|43|LERIK|0|Az4328|PIRASORA PŞ|4328
651|651|43|LERIK|0|Az4329|RVARUD PŞ|4329
652|652|43|LERIK|0|Az4331|ŞINGƏDULAN PŞ|4331
653|653|43|LERIK|0|Az4332|TIKƏBƏND PŞ|4332
654|654|43|LERIK|0|Az4335|VIZƏZƏMIN PŞ|4335
655|655|43|LERIK|0|Az4336|ZÜVÜC PŞ|4336
656|656|44|MASALLI|0|Az4400|MƏRKƏZI PŞ|4400
657|657|44|MASALLI|0|Az4402|2 SAYLI PŞ|4402
658|658|44|MASALLI|0|Az4403|3 SAYLI PŞ|4403
659|659|44|MASALLI|0|Az4404|4 SAYLI PŞ|4404
660|660|44|MASALLI|0|Az4405|5 SAYLI PŞ|4405
661|661|44|MASALLI|0|Az4411|BAMBAŞI PŞ|4411
662|662|44|MASALLI|0|Az4412|BƏDƏLAN PŞ|4412
663|663|44|MASALLI|0|Az4413|BORADIGAH PŞ|4413
664|664|44|MASALLI|0|Az4414|ÇAXIRLI PŞ|4414
665|665|44|MASALLI|0|Az4415|ƏRKIVAN PŞ|4415
666|666|44|MASALLI|0|Az4416|GƏYƏÇÖL PŞ|4416
667|667|44|MASALLI|0|Az4417|GÜLLÜTƏPƏ PŞ|4417
668|668|44|MASALLI|0|Az4418|HƏSƏNLI PŞ|4418
669|669|44|MASALLI|0|Az4419|HIŞKƏDƏRƏ PŞ|4419
670|670|44|MASALLI|0|Az4420|XIL PŞ|4420
671|671|44|MASALLI|0|Az4421|XIRMANDALI PŞ|4421
672|672|44|MASALLI|0|Az4422|KALINOVKA PŞ|4422
673|673|44|MASALLI|0|Az4423|KOLATAN PŞ|4423
674|674|44|MASALLI|0|Az4424|KÖHNƏ ALVADI PŞ|4424
675|675|44|MASALLI|0|Az4425|QARĞALIQ PŞ|4425
676|676|44|MASALLI|0|Az4426|QIZILAĞAC PŞ|4426
677|677|44|MASALLI|0|Az4427|QIZILAVAR PŞ|4427
678|678|44|MASALLI|0|Az4429|MAHMUDAVAR PŞ|4429
679|679|44|MASALLI|0|Az4430|MASALLI VAĞZAL PŞ|4430
680|680|44|MASALLI|0|Az4431|MUSAKÜÇƏ PŞ|4431
681|681|44|MASALLI|0|Az4432|SIĞDAŞ PŞ|4432
682|682|44|MASALLI|0|Az4433|ŞƏRƏFƏ PŞ|4433
683|683|44|MASALLI|0|Az4434|TƏZƏ ALVADI PŞ|4434
684|684|44|MASALLI|0|Az4435|TƏZƏKƏND PŞ10.4.44.35|4435
685|685|44|MASALLI|0|Az4436|TÜKLƏ PŞ|4436
686|686|44|MASALLI|0|Az4437|TÜRKOBA PŞ|4437
687|687|44|MASALLI|0|Az4438|YEDDIOYMAQ PŞ|4438
688|688|44|MASALLI|0|Az4439|YEYƏNKƏND PŞ|4439
689|689|44|MASALLI|0|Az4440|ŞIXLAR PŞ|4440
690|690|44|MASALLI|0|Az4441|ONCAKƏLƏ PŞ|4441
691|691|44|MASALLI|0|Az4442|QƏRIBLƏR PŞ|4442
692|692|44|MASALLI|0|Az4443|SƏMIDXAN PŞ|4443
693|693|44|MASALLI|0|Az4444|LÜRƏN PŞ|4444
694|694|44|MASALLI|0|Az4446|HACITƏPƏ PŞ|4446
695|695|44|MASALLI|0|Az4449|YEDDIOYMAQ-1 PŞ|4449
696|696|44|MASALLI|1|Az4400|SENAYE MEHELLISI|4400
697|697|45|MINGƏÇEVIR|0|Az4500|MƏRKƏZI PŞ|4500
698|698|45|MINGƏÇEVIR|0|Az4501|1 SAYLI PŞ|4501
699|699|45|MINGƏÇEVIR|0|Az4502|2 SAYLI PŞ|4502
700|700|45|MINGƏÇEVIR|0|Az4504|4 SAYLI PŞ|4504
701|701|45|MINGƏÇEVIR|0|Az4505|5 SAYLI PŞ|4505
702|702|45|MINGƏÇEVIR|0|Az4506|6 SAYLI PŞ|4506
703|703|45|MINGƏÇEVIR|0|Az4507|7 SAYLI PŞ|4507
704|704|45|MINGƏÇEVIR|0|Az4508|8 SAYLI PŞ|4508
705|705|45|MINGƏÇEVIR|0|Az4509|9 SAYLI PŞ|4509
706|706|45|MINGƏÇEVIR|0|Az4510|10 SAYLI PŞ|4510
707|707|45|MINGƏÇEVIR|0|Az4511|11 SAYLI PŞ|4511
708|708|45|MINGƏÇEVIR|1|Az4508|8 SAYLI  PA Atletler|4508
709|709|46|NAFTALAN|0|Az4600|MƏRKƏZI PŞ|4600
710|710|46|NAFTALAN|0|Az4601|1 SAYLI PŞ|4601
711|711|47|NEFTÇALA|0|Az4700|MƏRKƏZI PŞ|4700
712|712|47|NEFTÇALA|0|Az4701|1 SAYLI PŞ|4701
713|713|47|NEFTÇALA|0|Az4702|2 SAYLI PŞ|4702
714|714|47|NEFTÇALA|0|Az4704|4 SAYLI PŞ|4704
715|715|47|NEFTÇALA|0|Az4705|5 SAYLI PŞ|4705
716|716|47|NEFTÇALA|0|Az4711|AŞAĞI QARAMANLI PŞ|4711
717|717|47|NEFTÇALA|0|Az4712|AŞAĞI SURRA PŞ|4712
718|718|47|NEFTÇALA|0|Az4713|BANKƏ PŞ|4713
719|719|47|NEFTÇALA|0|Az4715|BOYAT PŞ|4715
720|720|47|NEFTÇALA|0|Az4717|HƏSƏNABAD PŞ|4717
721|721|47|NEFTÇALA|0|Az4719|XILLI PŞ|4719
722|722|47|NEFTÇALA|0|Az4720|XOL QARABUCAQ PŞ|4720
723|723|47|NEFTÇALA|0|Az4723|QAÇAQKƏND PŞ|4723
724|724|47|NEFTÇALA|0|Az4724|QIRMIZIKƏND PŞ|4724
725|725|47|NEFTÇALA|0|Az4728|YUXARI QARAMANLI PŞ|4728
726|726|47|NEFTÇALA|0|Az4729|KÜRKƏND PŞ|4729
727|727|48|OĞUZ|0|Az4800|MƏRKƏZI PŞ|4800
728|728|48|OĞUZ|0|Az4812|BAYAN PŞ|4812
729|729|48|OĞUZ|0|Az4814|BUCAQ PŞ|4814
730|730|48|OĞUZ|0|Az4815|CALUD PŞ|4815
731|731|48|OĞUZ|0|Az4817|XAÇMAZ PŞ|4817
732|732|48|OĞUZ|0|Az4819|KƏRIMLI PŞ|4819
733|733|48|OĞUZ|0|Az4821|QUMLAQ PŞ|4821
734|734|48|OĞUZ|0|Az4823|PADAR PŞ|4823
735|735|48|OĞUZ|0|Az4824|SINCAN PŞ|4824
736|736|48|OĞUZ|0|Az4825|ŞIRVANLI PŞ|4825
737|737|48|OĞUZ|0|Az4826|YAQUBLU PŞ|4826
738|738|49|SAATLI|0|Az4900|MƏRKƏZI PŞ|4900
739|739|49|SAATLI|0|Az4901|1 SAYLI PŞ|4901
740|740|49|SAATLI|0|Az4911|AZADKƏND PŞ|4911
741|741|49|SAATLI|0|Az4912|BƏYLIK PŞ|4912
742|742|49|SAATLI|0|Az4913|DƏDƏ QORQUD PŞ|4913
743|743|49|SAATLI|0|Az4914|ƏLISOLTANLI PŞ|4914
744|744|49|SAATLI|0|Az4915|FƏTƏLIKƏND PŞ|4915
745|745|49|SAATLI|0|Az4916|HACIQASIMLI PŞ|4916
746|746|49|SAATLI|0|Az4917|XANLARKƏND PŞ|4917
747|747|49|SAATLI|0|Az4918|QARA NURU PŞ|4918
748|748|49|SAATLI|0|Az4919|QARAÇALAR PŞ|4919
749|749|49|SAATLI|0|Az4920|QARAYEVKƏND PŞ|4920
750|750|49|SAATLI|0|Az4921|QIRAQLI PŞ|4921
751|751|49|SAATLI|0|Az4922|MƏMMƏDABAD PŞ|4922
752|752|49|SAATLI|0|Az4923|MIRCƏLALKƏND PŞ|4923
753|753|49|SAATLI|0|Az4924|MOLLAVAZLI PŞ|4924
754|754|49|SAATLI|0|Az4925|NƏRIMANKƏND PŞ|4925
755|755|49|SAATLI|0|Az4926|NƏSIMIKƏND PŞ|4926
756|756|49|SAATLI|0|Az4927|SAATLIKƏND PŞ|4927
757|757|49|SAATLI|0|Az4928|SARACALAR PŞ|4928
758|758|49|SAATLI|0|Az4929|ŞIRINBƏYLI PŞ|4929
759|759|49|SAATLI|0|Az4930|VARXANKƏND PŞ|4930
760|760|50|SUMQAYIT|0|Az5000|MƏRKƏZI PŞ|5000
761|761|50|SUMQAYIT|0|Az5001|1 SAYLI PŞ|5001
762|762|50|SUMQAYIT|0|Az5003|3 SAYLI PŞ|5003
763|763|50|SUMQAYIT|0|Az5004|4 SAYLI PŞ|5004
764|764|50|SUMQAYIT|0|Az5005|5 SAYLI PŞ|5005
765|765|50|SUMQAYIT|0|Az5006|6 SAYLI PŞ|5006
766|766|50|SUMQAYIT|0|Az5007|7 SAYLI PŞ|5007
767|767|50|SUMQAYIT|0|Az5008|8 SAYLI PŞ|5008
768|768|50|SUMQAYIT|0|Az5009|9 SAYLI PŞ|5009
769|769|50|SUMQAYIT|0|Az5011|11 SAYLI  PŞ|5011
770|770|50|SUMQAYIT|0|Az5021|CORAT PŞ|5021
771|771|50|SUMQAYIT|0|Az5022|HACI ZEYNALABDIN PŞ|5022
772|772|50|SUMQAYIT|1|Az5000|Ishiq idaresi|5000
773|773|50|SUMQAYIT|1|Az5008|Qaz idaresi|5008
774|774|50|SUMQAYIT|1|Az5009|9 SAYLI PA|5009
775|775|50|SUMQAYIT|1|Az5022|Tagiyev_Kosmonavt H/Sh|5022
776|776|51|SAMUX|0|Az5100|MƏRKƏZI PŞ|5100
777|777|51|SAMUX|0|Az5101|1 SAYLI PŞ|5101
778|778|51|SAMUX|0|Az5102|2 SAYLI RŞ|5102
779|779|51|SAMUX|0|Az5111|ÇOBAN ABDALLI PŞ|5111
780|780|51|SAMUX|0|Az5112|ƏHMƏDBƏYLI PŞ|5112
781|781|51|SAMUX|0|Az5114|INSTITUT PŞ|5114
782|782|51|SAMUX|0|Az5116|QARAYERI PŞ|5116
783|783|51|SAMUX|0|Az5117|QIRMIZI SAMUX PŞ|5117
784|784|51|SAMUX|0|Az5118|QOVLARSARI PŞ|5118
785|785|51|SAMUX|0|Az5119|LƏK PŞ|5119
786|786|51|SAMUX|0|Az5120|POYLU PŞ|5120
787|787|51|SAMUX|0|Az5121|SEYIDLƏR PŞ|5121
788|788|51|SAMUX|0|Az5122|ZAZALI PŞ|5122
789|789|51|SAMUX|0|Az5123|ZIYADLI PŞ|5123
790|790|51|SAMUX|0|Az5125|ƏLIUŞAĞI PŞ|5125
791|791|51|SAMUX|0|Az5128|SARIQAMIŞ PŞ|5128
792|792|51|SAMUX|0|Az5129|SƏRKAR-2 PŞ|5129
793|793|51|SAMUX|0|Az5131|YENIKƏND PŞ|5131
794|794|51|SAMUX|0|Az5134|YUXARI AĞASIBƏYLI PŞ|5134
795|795|51|SAMUX|1|Az5100|MPSh_Kohne  PA|5100
796|796|52|SALYAN|0|Az5200|MƏRKƏZI PŞ|5200
797|797|52|SALYAN|0|Az5201|1 SAYLI PŞ|5201
798|798|52|SALYAN|0|Az5205|5 SAYLI PŞ|5205
799|799|52|SALYAN|0|Az5206|6 SAYLI PŞ|5206
800|800|52|SALYAN|0|Az5211|ARBATAN PŞ|5211
801|801|52|SALYAN|0|Az5213|ÇUXANLI PŞ|5213
802|802|52|SALYAN|0|Az5214|HƏSƏNLI PŞ|5214
803|803|52|SALYAN|0|Az5215|XALAC PŞ|5215
804|804|52|SALYAN|0|Az5216|XIDIRLI PŞ|5216
805|805|52|SALYAN|0|Az5218|KÜR QARAQAŞLI PŞ|5218
806|806|52|SALYAN|0|Az5219|KÜRSƏNGI PŞ|5219
807|807|52|SALYAN|0|Az5220|QARABAĞLI PŞ|5220
808|808|52|SALYAN|0|Az5221|QARAÇALA PŞ|5221
809|809|52|SALYAN|0|Az5222|QIZILAĞAC PŞ|5222
810|810|52|SALYAN|0|Az5223|MARIŞLI PŞ|5223
811|811|52|SALYAN|0|Az5224|NOXUDLU PŞ|5224
812|812|52|SALYAN|0|Az5227|SARVAN PŞ|5227
813|813|52|SALYAN|0|Az5228|ŞORSULU PŞ|5228
814|814|52|SALYAN|0|Az5230|YENIKƏND PŞ|5230
815|815|52|SALYAN|0|Az5233|ŞƏKƏRLI PŞ|5233
816|816|53|SIYƏZƏN|0|Az5300|MƏRKƏZI PŞ|5300
817|817|53|SIYƏZƏN|0|Az5301|1 SAYLI RŞ|5301
818|818|53|SIYƏZƏN|0|Az5312|YENIKƏND  PŞ|5312
819|819|53|SIYƏZƏN|0|Az5313|HƏMYƏ PŞ|5313
820|820|53|SIYƏZƏN|0|Az5314|SƏDAN PŞ|5314
821|821|53|SIYƏZƏN|0|Az5315|ZARAT PŞ|5315
822|822|53|SIYƏZƏN|0|Az5316|MƏSRIF PŞ|5316
823|823|54|SABIRABAD|0|Az5400|MƏRKƏZI PŞ|5400
824|824|54|SABIRABAD|0|Az5401|1 SAYLI PŞ|5401
825|825|54|SABIRABAD|0|Az5403|3 SAYLI PŞ|5403
826|826|54|SABIRABAD|0|Az5411|AXISXA PŞ|5411
827|827|54|SABIRABAD|0|Az5412|AXTAÇI PŞ|5412
828|828|54|SABIRABAD|0|Az5415|CAVAD PŞ|5415
829|829|54|SABIRABAD|0|Az5418|ƏHMƏDABAD PŞ|5418
830|830|54|SABIRABAD|0|Az5420|HƏŞIMXANLI PŞ|5420
831|831|54|SABIRABAD|0|Az5422|KÜRKƏNDI PŞ|5422
832|832|54|SABIRABAD|0|Az5423|QALAĞAYIN PŞ|5423
833|833|54|SABIRABAD|0|Az5424|QARAGÜNEY PŞ|5424
834|834|54|SABIRABAD|0|Az5425|QURUZMA PŞ|5425
835|835|54|SABIRABAD|0|Az5426|QARATƏPƏ PŞ|5426
836|836|54|SABIRABAD|0|Az5427|QASIMBƏYLI PŞ|5427
837|837|54|SABIRABAD|0|Az5428|QƏZLI PŞ|5428
838|838|54|SABIRABAD|0|Az5429|MINBAŞI PŞ|5429
839|839|54|SABIRABAD|0|Az5430|MORANLI PŞ|5430
840|840|54|SABIRABAD|0|Az5432|MÜRSƏLLI PŞ|5432
841|841|54|SABIRABAD|0|Az5433|SURRA PŞ|5433
842|842|54|SABIRABAD|0|Az5434|NIZAMIKƏND PŞ|5434
843|843|54|SABIRABAD|0|Az5435|SUQOVUŞAN  PŞ|5435
844|844|54|SABIRABAD|0|Az5436|ŞƏHRIYAR PŞ|5436
845|845|54|SABIRABAD|0|Az5437|ŞIX SALAHLI PŞ|5437
846|846|54|SABIRABAD|0|Az5439|ULACALI PŞ|5439
847|847|54|SABIRABAD|0|Az5440|YOLÇUBƏYLI PŞ|5440
848|848|54|SABIRABAD|0|Az5441|ZƏNGƏNƏ PŞ|5441
849|849|54|SABIRABAD|0|Az5443|QARALAR PŞ|5443
850|850|54|SABIRABAD|0|Az5446|XƏLFƏLI PŞ|5446
851|851|55|ŞƏKI|0|Az5500|MƏRKƏZI PŞ|5500
852|852|55|ŞƏKI|0|Az5501|1 SAYLI PŞ|5501
853|853|55|ŞƏKI|0|Az5502|2 SAYLI PŞ|5502
854|854|55|ŞƏKI|0|Az5503|3 SAYLI PŞ|5503
855|855|55|ŞƏKI|0|Az5504|4 SAYLI PŞ|5504
856|856|55|ŞƏKI|0|Az5505|5 SAYLI PŞ|5505
857|857|55|ŞƏKI|0|Az5506|6 SAYLI PŞ|5506
858|858|55|ŞƏKI|0|Az5507|7 SAYLI PŞ|5507
859|859|55|ŞƏKI|0|Az5508|8 SAYLI PŞ|5508
860|860|55|ŞƏKI|0|Az5511|AŞAĞI GÖYNÜK PŞ|5511
861|861|55|ŞƏKI|0|Az5512|AŞAĞI KÜNGÜT PŞ|5512
862|862|55|ŞƏKI|0|Az5513|BALTALI PŞ|5513
863|863|55|ŞƏKI|0|Az5514|BAŞ GÖYNÜK PŞ|5514
864|864|55|ŞƏKI|0|Az5515|BAŞ KÜNGÜT PŞ|5515
865|865|55|ŞƏKI|0|Az5516|BAŞ LAYISKI PŞ|5516
866|866|55|ŞƏKI|0|Az5517|BAŞ ZƏYZIT PŞ|5517
867|867|55|ŞƏKI|0|Az5518|BÖYÜK DƏHNƏ PŞ|5518
868|868|55|ŞƏKI|0|Az5519|CƏFƏRABAD PŞ|5519
869|869|55|ŞƏKI|0|Az5520|CƏYIRLI PŞ|5520
870|870|55|ŞƏKI|0|Az5521|CUMAYKƏND PŞ|5521
871|871|55|ŞƏKI|0|Az5523|INÇƏ PŞ|5523
872|872|55|ŞƏKI|0|Az5524|KIÇIK DƏHNƏ PŞ|5524
873|873|55|ŞƏKI|0|Az5525|KIŞ PŞ|5525
874|874|55|ŞƏKI|0|Az5526|QOXMUQ PŞ|5526
875|875|55|ŞƏKI|0|Az5527|OXUD PŞ|5527
876|876|55|ŞƏKI|0|Az5528|ORTA ZƏYZIT PŞ|5528
877|877|55|ŞƏKI|0|Az5529|SARICA PŞ|5529
878|878|55|ŞƏKI|0|Az5530|SUÇMA PŞ|5530
879|879|55|ŞƏKI|0|Az5531|ŞƏKIKƏND PŞ|5531
880|880|55|ŞƏKI|0|Az5532|ŞORSU PŞ|5532
881|881|55|ŞƏKI|0|Az5533|TURAN PŞ|5533
882|882|55|ŞƏKI|0|Az5534|BILƏCIK PŞ|5534
883|883|55|ŞƏKI|0|Az5535|AYDINBULAQ PŞ|5535
884|884|55|ŞƏKI|0|Az5536|ORAVAN PŞ|5536
885|885|55|ŞƏKI|0|Az5537|BAŞ GÖYNÜK-2|5537
886|886|55|ŞƏKI|0|Az5540|KÖBƏR ZƏYZID PŞ|5540
887|887|55|ŞƏKI|1|Az5500|MEHKEME PA|5500
888|888|55|ŞƏKI|1|Az5500|BAZAR PA|5500
889|889|55|ŞƏKI|1|Az5504|MERO-PASPORT_STOL PA|5504
890|890|55|ŞƏKI|1|Az5504|DYP PA|5504
891|891|55|ŞƏKI|1|Az5514|BAŞ GÖYNÜK-1 PA|5514
892|892|56|ŞAMAXI|0|Az5600|MƏRKƏZI PŞ|5600
893|893|56|ŞAMAXI|0|Az5601|1 SAYLI PŞ|5601
894|894|56|ŞAMAXI|0|Az5602|2 SAYLI PŞ|5602
895|895|56|ŞAMAXI|0|Az5611|QIZMEYDAN PŞ|5611
896|896|56|ŞAMAXI|0|Az5612|BAĞIRLI PŞ|5612
897|897|56|ŞAMAXI|0|Az5613|CABANI PŞ|5613
898|898|56|ŞAMAXI|0|Az5614|ÇUXURYURD PŞ|5614
899|899|56|ŞAMAXI|0|Az5615|GÖYLƏR PŞ|5615
900|900|56|ŞAMAXI|0|Az5616|GÜNƏŞLI PŞ|5616
901|901|56|ŞAMAXI|0|Az5617|MƏDRƏSƏ PŞ|5617
902|902|56|ŞAMAXI|0|Az5618|NAĞARAXANA PŞ|5618
903|903|56|ŞAMAXI|0|Az5619|SABIR PŞ|5619
904|904|56|ŞAMAXI|0|Az5620|QUŞÇU PŞ|5620
905|905|56|ŞAMAXI|0|Az5621|MIRIKƏND PŞ|5621
906|906|56|ŞAMAXI|0|Az5623|ÇARHAN PŞ|5623
907|907|56|ŞAMAXI|0|Az5626|PIRQULU PŞ|5626
908|908|56|ŞAMAXI|0|Az5627|MUĞANLI PŞ|5627
909|909|56|ŞAMAXI|0|Az5628|MƏLIKÇOBANLI PŞ|5628
910|910|56|ŞAMAXI|0|Az5629|MƏLHƏM PŞ|5629
911|911|56|ŞAMAXI|1|Az5600|Shamaxi DYP PA|5600
912|912|57|ŞƏMKIR|0|Az5700|MƏRKƏZI PŞ|5700
913|913|57|ŞƏMKIR|0|Az5704|4 SAYLI PŞ|5704
914|914|57|ŞƏMKIR|0|Az5705|5 SAYLI PŞ|5705
915|915|57|ŞƏMKIR|0|Az5706|6 SAYLI PŞ|5706
916|916|57|ŞƏMKIR|0|Az5711|AŞAĞI SEYFƏLI PŞ|5711
917|917|57|ŞƏMKIR|0|Az5712|ÇƏNLIBEL PŞ|5712
918|918|57|ŞƏMKIR|0|Az5713|ÇINARLI PŞ|5713
919|919|57|ŞƏMKIR|0|Az5714|DƏLLƏR CƏYIR PŞ|5714
920|920|57|ŞƏMKIR|0|Az5715|DƏLLƏR PŞ|5715
921|921|57|ŞƏMKIR|0|Az5716|DÜYƏRLI PŞ|5716
922|922|57|ŞƏMKIR|0|Az5717|ƏLIYAQUBLU PŞ|5717
923|923|57|ŞƏMKIR|0|Az5718|IRMAŞLI PŞ|5718
924|924|57|ŞƏMKIR|0|Az5719|KÖNÜLLÜ PŞ|5719
925|925|57|ŞƏMKIR|0|Az5720|KÜR PŞ|5720
926|926|57|ŞƏMKIR|0|Az5721|QARACƏMIRLI PŞ|5721
927|927|57|ŞƏMKIR|0|Az5722|MUXTARIYYƏT PŞ|5722
928|928|57|ŞƏMKIR|0|Az5723|PLANKƏND PŞ|5723
929|929|57|ŞƏMKIR|0|Az5724|SABIRKƏND PŞ|5724
930|930|57|ŞƏMKIR|0|Az5725|ŞƏMKIR VAĞZAL PŞ|5725
931|931|57|ŞƏMKIR|0|Az5726|ŞIŞTƏPƏ PŞ|5726
932|932|57|ŞƏMKIR|0|Az5729|ZƏYƏM CIRDAXAN PŞ|5729
933|933|57|ŞƏMKIR|0|Az5730|ZƏYƏM PŞ - 3G Muveqqeti|5730
934|934|57|ŞƏMKIR|0|Az5732|IPƏK YOLU PŞ|5732
935|935|57|ŞƏMKIR|0|Az5733|ÇAPARLI PŞ|5733
936|936|57|ŞƏMKIR|0|Az5734|MAHMUDLU PŞ|5734
937|937|57|ŞƏMKIR|0|Az5735|XULUF (AŞAĞI KEÇILI) PŞ|5735
938|938|57|ŞƏMKIR|0|Az5736|BAYRAMLI PŞ|5736
939|939|57|ŞƏMKIR|0|Az5737|DƏLLƏR CIRDAXAN PŞ|5737
940|940|57|ŞƏMKIR|0|Az5739|YENI HƏYAT PŞ|5739
941|941|57|ŞƏMKIR|0|Az5740|QAPANLI PŞ|5740
942|942|57|ŞƏMKIR|0|Az5741|TATARLI PŞ|5741
943|943|57|ŞƏMKIR|0|Az5742|QASIMALLAR PŞ|5742
944|944|57|ŞƏMKIR|0|Az5743|QILINCBƏYLI PŞ|5743
945|945|57|ŞƏMKIR|0|Az5745|DƏLLƏR DAŞBULAQ PŞ|5745
946|946|58|ŞUŞA RRQ|0|Az5800|ŞUŞA|5800
947|947|59|TƏR-TƏR|0|Az5900|MƏRKƏZI PŞ|5900
948|948|59|TƏR-TƏR|0|Az5902|2 SAYLI PŞ|5902
949|949|59|TƏR-TƏR|0|Az5911|AZADQARAQOYUNLU PŞ|5911
950|950|59|TƏR-TƏR|0|Az5912|BƏYIMSAROV PŞ|5912
951|951|59|TƏR-TƏR|0|Az5915|DƏMIRÇILƏR PŞ|5915
952|952|59|TƏR-TƏR|0|Az5918|HACIQƏRVƏND PŞ|5918
953|953|59|TƏR-TƏR|0|Az5922|QARADAĞLI PŞ|5922
954|954|59|TƏR-TƏR|0|Az5923|QARAĞACI PŞ|5923
955|955|59|TƏR-TƏR|0|Az5924|QAYNAQ PŞ|5924
956|956|59|TƏR-TƏR|0|Az5926|SAROV PŞ|5926
957|957|59|TƏR-TƏR|0|Az5927|SEYDIMLI PŞ|5927
958|958|59|TƏR-TƏR|0|Az5928|ƏLƏSGƏRLI PŞ|5928
959|959|59|TƏR-TƏR|0|Az5929|SƏHLABAD PŞ|5929
960|960|60|TOVUZ|0|Az6000|MƏRKƏZI PŞ|6000
961|961|60|TOVUZ|0|Az6001|1 SAYLI PŞ|6001
962|962|60|TOVUZ|0|Az6002|2 SAYLI PŞ|6002
963|963|60|TOVUZ|0|Az6011|ABULBƏYLI PŞ|6011
964|964|60|TOVUZ|0|Az6012|ALAKOL PŞ|6012
965|965|60|TOVUZ|0|Az6014|ƏYYUBLU PŞ|6014
966|966|60|TOVUZ|0|Az6015|AŞAĞI QUŞÇU PŞ|6015
967|967|60|TOVUZ|0|Az6016|AŞAĞI ÖYSÜZLÜ PŞ|6016
968|968|60|TOVUZ|0|Az6017|AZAFLI PŞ|6017
969|969|60|TOVUZ|0|Az6018|BOZALQANLI PŞ|6018
970|970|60|TOVUZ|0|Az6022|DONDAR QUŞCU PŞ|6022
971|971|60|TOVUZ|0|Az6023|DÖNÜK QIRIXLI PŞ|6023
972|972|60|TOVUZ|0|Az6024|DÜZ CIRDAXAN PŞ|6024
973|973|60|TOVUZ|0|Az6025|DÜZ QIRIXLI PŞ|6025
974|974|60|TOVUZ|0|Az6026|ƏLIBƏYLI PŞ|6026
975|975|60|TOVUZ|0|Az6027|ƏLIMƏRDANLI PŞ|6027
976|976|60|TOVUZ|0|Az6028|ƏSRIK CIRDAXAN PŞ|6028
977|977|60|TOVUZ|0|Az6030|QARAXANLI PŞ|6030
978|978|60|TOVUZ|0|Az6033|XATINLI PŞ|6033
979|979|60|TOVUZ|0|Az6035|QOVLAR PŞ|6035
980|980|60|TOVUZ|0|Az6039|YANIXLI PŞ|6039
981|981|60|TOVUZ|0|Az6040|YUXARI ÖYSÜZLÜ PŞ|6040
982|982|60|TOVUZ|0|Az6041|IBRAHIMHACILI PŞ|6041
983|983|60|TOVUZ|0|Az6044|MULKULU PŞ|6044
984|984|61|UCAR|0|Az6100|MƏRKƏZI PŞ|6100
985|985|61|UCAR|0|Az6102|2 SAYLI PŞ|6102
986|986|61|UCAR|0|Az6111|QAZIQUMLAQ PŞ|6111
987|987|61|UCAR|0|Az6112|ALPOUT PŞ|6112
988|988|61|UCAR|0|Az6113|BƏRGÜŞAD PŞ|6113
989|989|61|UCAR|0|Az6114|KÜÇƏKƏND PŞ|6114
990|990|61|UCAR|0|Az6115|BOYAT PŞ|6115
991|991|61|UCAR|0|Az6116|QARABÖRK PŞ|6116
992|992|61|UCAR|0|Az6117|QARACALLI PŞ|6117
993|993|61|UCAR|0|Az6118|QARADAĞLI PŞ|6118
994|994|61|UCAR|0|Az6119|QƏZYAN PŞ|6119
995|995|61|UCAR|0|Az6120|QULABƏND PŞ|6120
996|996|61|UCAR|0|Az6121|LƏK PŞ|6121
997|997|61|UCAR|0|Az6122|RAMAL PŞ|6122
998|998|61|UCAR|0|Az6123|TƏZƏ ŞILYAN PŞ|6123
999|999|61|UCAR|0|Az6124|YUXARI ŞILYAN PŞ|6124
1000|1000|61|UCAR|0|Az6125|MÜSÜSLÜ PŞ|6125
1001|1001|61|UCAR|0|Az6126|MƏLIKBALLI PŞ|6126
1002|1002|61|UCAR|0|Az6127|XƏLƏC PŞ|6127
1003|1003|61|UCAR|0|Az6128|ŞAHLIQ PŞ|6128
1004|1004|61|UCAR|1|Az6100|UCAR-1 PA Cumshud|6100
1005|1005|62|ZAQATALA|0|Az6200|MƏRKƏZI PŞ|6200
1006|1006|62|ZAQATALA|0|Az6201|1SAYLI PŞ|6201
1007|1007|62|ZAQATALA|0|Az6202|2 SAYLI PŞ|6202
1008|1008|62|ZAQATALA|0|Az6203|3 SAYLI PŞ|6203
1009|1009|62|ZAQATALA|0|Az6204|4 SAYLI PŞ|6204
1010|1010|62|ZAQATALA|0|Az6205|5 SAYLI PŞ|6205
1011|1011|62|ZAQATALA|0|Az6206|6 SAYLI PŞ|6206
1012|1012|62|ZAQATALA|0|Az6212|AŞAĞI TALA PŞ|6212
1013|1013|62|ZAQATALA|0|Az6213|BƏHMƏDLI PŞ|6213
1014|1014|62|ZAQATALA|0|Az6214|CAR PŞ|6214
1015|1015|62|ZAQATALA|0|Az6215|ÇOBANKOL PŞ|6215
1016|1016|62|ZAQATALA|0|Az6216|DANAÇI PŞ|6216
1017|1017|62|ZAQATALA|0|Az6217|ÜÇÜNSÜ TALA PŞ|6217
1018|1018|62|ZAQATALA|0|Az6218|ƏLIABAD PŞ|6218
1019|1019|62|ZAQATALA|0|Az6219|ƏLIABAD-1 PŞ|6219
1020|1020|62|ZAQATALA|0|Az6220|DAĞLI PŞ|6220
1021|1021|62|ZAQATALA|0|Az6222|GÖYƏM PŞ|6222
1022|1022|62|ZAQATALA|0|Az6223|GÖZBARAX PŞ|6223
1023|1023|62|ZAQATALA|0|Az6225|QANDAX PŞ|6225
1024|1024|62|ZAQATALA|0|Az6227|QIMIR PŞ|6227
1025|1025|62|ZAQATALA|0|Az6229|MAKOV PŞ|6229
1026|1026|62|ZAQATALA|0|Az6230|MAZIX PŞ|6230
1027|1027|62|ZAQATALA|0|Az6231|MOSUL PŞ|6231
1028|1028|62|ZAQATALA|0|Az6232|MUĞANLI PŞ|6232
1029|1029|62|ZAQATALA|0|Az6233|MUXAX PŞ|6233
1030|1030|62|ZAQATALA|0|Az6236|YENI SUVAĞIL PŞ|6236
1031|1031|62|ZAQATALA|0|Az6237|YENGIYAN PŞ|6237
1032|1032|62|ZAQATALA|0|Az6238|YUXARI ÇARDAXLAR PŞ|6238
1033|1033|62|ZAQATALA|0|Az6239|YUXARI TALA PŞ|6239
1034|1034|62|ZAQATALA|0|Az6240|LAHIC PŞ|6240
1035|1035|63|ZƏRDAB|0|Az6300|MƏRKƏZI PŞ|6300
1036|1036|63|ZƏRDAB|0|Az6301|1 SAYLI PŞ|6301
1037|1037|63|ZƏRDAB|0|Az6312|BIÇAQÇI PŞ|6312
1038|1038|63|ZƏRDAB|0|Az6313|ÇALLI PŞ|6313
1039|1039|63|ZƏRDAB|0|Az6315|GƏLMƏ PŞ|6315
1040|1040|63|ZƏRDAB|0|Az6316|QORUQBAĞI PŞ|6316
1041|1041|63|ZƏRDAB|0|Az6317|QARAVƏLLI PŞ|6317
1042|1042|63|ZƏRDAB|0|Az6319|MƏLIKLI PŞ|6319
1043|1043|63|ZƏRDAB|0|Az6321|MƏMMƏDQASIMLI PŞ|6321
1044|1044|63|ZƏRDAB|0|Az6322|ƏLVƏND PŞ|6322
1045|1045|63|ZƏRDAB|0|Az6323|PƏRVANLI PŞ|6323
1046|1046|63|ZƏRDAB|0|Az6324|SƏFDƏXAL PŞ|6324
1047|1047|63|ZƏRDAB|0|Az6325|YARMƏMMƏDBAĞI  PŞ|6325
1048|1048|63|ZƏRDAB|0|Az6328|TƏZƏKƏND PŞ|6328
1049|1049|64|ZƏNGILAN RRQ|0|Az6400|ZƏNGILAN RRQ|6400
1050|1050|65|YARDIMLI|0|Az6500|MƏRKƏZI PŞ|6500
1051|1051|65|YARDIMLI|0|Az6510|AVAŞ PŞ|6510
1052|1052|65|YARDIMLI|0|Az6512|ARUS  PŞ|6512
1053|1053|65|YARDIMLI|0|Az6515|ÇAYÜZÜ PŞ|6515
1054|1054|65|YARDIMLI|0|Az6518|KÖRYƏDI PŞ|6518
1055|1055|65|YARDIMLI|0|Az6523|ŞƏFƏQLI PŞ|6523
1056|1056|65|YARDIMLI|0|Az6526|VƏRGƏDÜZ PŞ|6526
1057|1057|66|YEVLAX|0|Az6600|MƏRKƏZI PŞ|6600
1058|1058|66|YEVLAX|0|Az6601|1 SAYLI PŞ|6601
1059|1059|66|YEVLAX|0|Az6602|2 SAYLI PŞ|6602
1060|1060|66|YEVLAX|0|Az6603|3 SAYLI PŞ|6603
1061|1061|66|YEVLAX|0|Az6604|4 SAYLI  PŞ|6604
1062|1062|66|YEVLAX|0|Az6605|5 SAYLI PŞ|6605
1063|1063|66|YEVLAX|0|Az6611|ARAN 1 PŞ|6611
1064|1064|66|YEVLAX|0|Az6612|ARAN 2 PŞ|6612
1065|1065|66|YEVLAX|0|Az6613|AŞAĞI BUCAQ PŞ|6613
1066|1066|66|YEVLAX|0|Az6614|NƏRIMANABAD  PŞ|6614
1067|1067|66|YEVLAX|0|Az6616|HÜRÜUŞAĞI PŞ|6616
1068|1068|66|YEVLAX|0|Az6617|HACISELLI PŞ|6617
1069|1069|66|YEVLAX|0|Az6619|XALDAN PŞ|6619
1070|1070|66|YEVLAX|0|Az6620|XANABAD PŞ|6620
1071|1071|66|YEVLAX|0|Az6621|KÖVƏR PŞ|6621
1072|1072|66|YEVLAX|0|Az6622|QARAMANLI PŞ|6622
1073|1073|66|YEVLAX|0|Az6623|QARAMƏMMƏDLI PŞ|6623
1074|1074|66|YEVLAX|0|Az6624|QOYUNBINƏSI PŞ|6624
1075|1075|66|YEVLAX|0|Az6625|MALBINƏSI PŞ|6625
1076|1076|66|YEVLAX|0|Az6626|MEYVƏLI PŞ|6626
1077|1077|66|YEVLAX|0|Az6627|NEMƏTABAD PŞ|6627
1078|1078|66|YEVLAX|0|Az6629|NURALLAR PŞ|6629
1079|1079|66|YEVLAX|0|Az6631|SALAHLI PŞ|6631
1080|1080|66|YEVLAX|0|Az6632|SƏMƏDABAD PŞ|6632
1081|1081|66|YEVLAX|0|Az6633|TANRIQULLAR PŞ|6633
1082|1082|66|YEVLAX|0|Az6634|GÜLÖVŞƏ PŞ|6634
1083|1083|66|YEVLAX|0|Az6636|YUXARI QARXUN PŞ|6636
1084|1084|66|YEVLAX|1|Az6600|DYP  YEVLAX  PA|6600
1085|1085|66|YEVLAX|1|Az6600|OVIR Yevlax|6600
1086|1086|66|YEVLAX|1|Az6617|HAVARLI PA|6617
1087|1087|66|YEVLAX|1|Az6631|VARVARA PA|6631
1088|1088|66|YEVLAX|1|Az6631|BALÇILI PA|6631
1089|1089|80|XIZI|0|Az8000|MƏRKƏZI PŞ|8000
1090|1090|80|XIZI|0|Az8011|GILƏZI PŞ|8011
1091|1091|80|XIZI|1|Az8000|ALTIAĞAC PA|8000
1092|1092|80|XIZI|1|Az8000|YENI YAŞMA PA|8000
1093|1093|101|1 SAYLI PF|0|Az1000|MƏRKƏZI PŞ|1000
1094|1094|101|1 SAYLI PF|0|Az1001|BAKI-1|1001
1095|1095|101|1 SAYLI PF|0|Az1005|BAKI-5|1005
1096|1096|101|1 SAYLI PF|0|Az1007|BAKI-7|1007
1097|1097|101|1 SAYLI PF|0|Az1010|BAKI-10|1010
1098|1098|101|1 SAYLI PF|0|Az1014|BAKI-14|1014
1099|1099|101|1 SAYLI PF|0|Az1020|BAKI-20|1020
1100|1100|101|1 SAYLI PF|0|Az1022|BAKI-22|1022
1101|1101|101|1 SAYLI PF|0|Az1025|BAKI-25|1025
1102|1102|101|1 SAYLI PF|0|Az1033|BAKI-33|1033
1103|1103|101|1 SAYLI PF|0|Az1066|BAKI-66|1066
1104|1104|101|1 SAYLI PF|0|Az1152|BAKI-152|1152
1105|1105|101|1 SAYLI PF|0|Az1154|BAKI-154|1154
1106|1106|101|1 SAYLI PF|0|Az9191|MXSH|9191
1107|1107|101|1 SAYLI PF|1|Az1000|BAKI-1000/1 PA|1000
1108|1108|101|1 SAYLI PF|1|Az1001|BAKI-1001/1 PA|1001
1109|1109|101|1 SAYLI PF|1|Az1007|BAKI-1007/1 PA|1007
1110|1110|101|1 SAYLI PF|1|Az1010|BAKI-1010/1 PA|1010
1111|1111|101|1 SAYLI PF|1|Az1010|BAKI-1010/2 PA|1010
1112|1112|101|1 SAYLI PF|1|Az1025||1025
1113|1113|102|2 SAYLI PF|0|Az1006|BAKI-6|1006
1114|1114|102|2 SAYLI PF|0|Az1009|BAKI-9|1009
1115|1115|102|2 SAYLI PF|0|Az1012|BAKI-12|1012
1116|1116|102|2 SAYLI PF|0|Az1017|BAKI-17|1017
1117|1117|102|2 SAYLI PF|0|Az1065|BAKI-65|1065
1118|1118|102|2 SAYLI PF|0|Az1070|BAKI-70|1070
1119|1119|102|2 SAYLI PF|0|Az1073|BAKI-73|1073
1120|1120|102|2 SAYLI PF|0|Az1078|BAKI-78|1078
1121|1121|102|2 SAYLI PF|0|Az1100|BAKI-100|1100
1122|1122|102|2 SAYLI PF|0|Az1102|BAKI-102|1102
1123|1123|102|2 SAYLI PF|0|Az1106|BAKI-106|1106
1124|1124|102|2 SAYLI PF|0|Az1111|BAKI-111|1111
1125|1125|102|2 SAYLI PF|0|Az1117|BAKI-117|1117
1126|1126|102|2 SAYLI PF|0|Az1122|BAKI-122|1122
1127|1127|102|2 SAYLI PF|0|Az1134|BAKI-134|1134
1128|1128|102|2 SAYLI PF|0|Az1136|BAKI-136|1136
1129|1129|102|2 SAYLI PF|0|Az1138|BAKI-138|1138
1130|1130|102|2 SAYLI PF|0|Az1141|BAKI-141|1141
1131|1131|102|2 SAYLI PF|0|Az1143|BAKI-143|1143
1132|1132|102|2 SAYLI PF|0|Az1144|BAKI-144|1144
1133|1133|102|2 SAYLI PF|0|Az1145|BAKI-145|1145
1134|1134|102|2 SAYLI PF|0|Az1146|BAKI-146|1146
1135|1135|102|2 SAYLI PF|0|Az1148|BAKI-148|1148
1136|1136|102|2 SAYLI PF|0|Az1153|BAKI-153|1153
1137|1137|102|2 SAYLI PF|0|Az2600|XANKƏNDI PŞ|2600
1138|1138|102|2 SAYLI PF|1|Az1006|BAKI-1006/1 PA AzTv|1006
1139|1139|102|2 SAYLI PF|1|Az1073|BAKI-73/2 PA|1073
1140|1140|102|2 SAYLI PF|1|Az1073|BAKI-73/1 PA|1073
1141|1141|102|2 SAYLI PF|1|Az1117|BILƏCƏRI PA|1117
1142|1142|102|2 SAYLI PF|1|Az1122|BAKI-122/1AzTelekom|1122
1143|1143|102|2 SAYLI PF|1|Az1122|BAKI-122/1AzerIshiq|1122
1144|1144|102|2 SAYLI PF|1|Az1138|BAKI-138/1 PA|1138
1145|1145|103|3 SAYLI PF|0|Az1002|BAKI-2|1002
1146|1146|103|3 SAYLI PF|0|Az1015|BAKI-15|1015
1147|1147|103|3 SAYLI PF|0|Az1016|BAKI-16|1016
1148|1148|103|3 SAYLI PF|0|Az1018|BAKI-18|1018
1149|1149|103|3 SAYLI PF|0|Az1026|BAKI-26|1026
1150|1150|103|3 SAYLI PF|0|Az1027|BAKI-27|1027
1151|1151|103|3 SAYLI PF|0|Az1030|BAKI-30|1030
1152|1152|103|3 SAYLI PF|0|Az1031|BAKI-31|1031
1153|1153|103|3 SAYLI PF|0|Az1032|BAKI-32|1032
1154|1154|103|3 SAYLI PF|0|Az1034|BAKI-34|1034
1155|1155|103|3 SAYLI PF|0|Az1035|BAKI-35|1035
1156|1156|103|3 SAYLI PF|0|Az1040|BAKI-40|1040
1157|1157|103|3 SAYLI PF|0|Az1047|BAKI-47|1047
1158|1158|103|3 SAYLI PF|0|Az1048|BAKI-48|1048
1159|1159|103|3 SAYLI PF|0|Az1060|BAKI-60|1060
1160|1160|103|3 SAYLI PF|0|Az1067|BAKI-67|1067
1161|1161|103|3 SAYLI PF|0|Az1074|BAKI-74|1074
1162|1162|103|3 SAYLI PF|0|Az1091|BAKI-91|1091
1163|1163|103|3 SAYLI PF|0|Az1092|BAKI-92|1092
1164|1164|103|3 SAYLI PF|0|Az1096|BAKI-96|1096
1165|1165|103|3 SAYLI PF|0|Az1104|BAKI-104|1104
1166|1166|103|3 SAYLI PF|0|Az1112|BAKI-112|1112
1167|1167|103|3 SAYLI PF|0|Az1118|BAKI-118|1118
1168|1168|103|3 SAYLI PF|0|Az1119|BAKI-119|1119
1169|1169|103|3 SAYLI PF|0|Az1121|BAKI-121|1121
1170|1170|103|3 SAYLI PF|0|Az1123|BAKI-123|1123
1171|1171|103|3 SAYLI PF|0|Az1126|BAKI-126|1126
1172|1172|103|3 SAYLI PF|0|Az1129|BAKI-129|1129
1173|1173|103|3 SAYLI PF|0|Az1131|BAKI-131|1131
1174|1174|103|3 SAYLI PF|0|Az1132|BAKI-132|1132
1175|1175|103|3 SAYLI PF|0|Az1133|BAKI-133|1133
1176|1176|103|3 SAYLI PF|0|Az1142|BAKI-142|1142
1177|1177|103|3 SAYLI PF|0|Az1149|BAKI-149|1149
1178|1178|103|3 SAYLI PF|1|Az1002|BAKI-1002/1PA|1002
1179|1179|103|3 SAYLI PF|1|Az1034|BAKI-1034/1PA|1034
1180|1180|103|3 SAYLI PF|1|Az1060|BAKI-1060/1PA|1060
1181|1181|103|3 SAYLI PF|1|Az1129|BAKI-1129/1PA|1129
1182|1182|103|3 SAYLI PF|1|Az1132|BAKI-1132/1PA|1132
1183|1183|103|3 SAYLI PF|1|Az1142|BAKI-1142/1PA|1142
1184|1184|104|4 SAYLI PF|0|Az1039|BAKI-39|1039
1185|1185|104|4 SAYLI PF|0|Az1041|BAKI-41|1041
1186|1186|104|4 SAYLI PF|0|Az1042|BAKI-42|1042
1187|1187|104|4 SAYLI PF|0|Az1043|BAKI-43|1043
1188|1188|104|4 SAYLI PF|0|Az1044|BAKI-44|1044
1189|1189|104|4 SAYLI PF|0|Az1045|BAKI-45|1045
1190|1190|104|4 SAYLI PF|0|Az1046|BAKI-46|1046
1191|1191|104|4 SAYLI PF|0|Az1049|BAKI-49|1049
1192|1192|104|4 SAYLI PF|0|Az1050|BAKI-50|1050
1193|1193|104|4 SAYLI PF|0|Az1056|BAKI-56|1056
1194|1194|104|4 SAYLI PF|0|Az1061|BAKI-61|1061
1195|1195|104|4 SAYLI PF|0|Az1064|BAKI-64|1064
1196|1196|104|4 SAYLI PF|0|Az1068|BAKI-68|1068
1197|1197|104|4 SAYLI PF|0|Az1076|BAKI-76|1076
1198|1198|104|4 SAYLI PF|0|Az1077|BAKI-77|1077
1199|1199|104|4 SAYLI PF|0|Az1088|BAKI-88|1088
1200|1200|104|4 SAYLI PF|0|Az1089|BAKI-89|1089
1201|1201|104|4 SAYLI PF|0|Az1090|BAKI-90|1090
1202|1202|104|4 SAYLI PF|0|Az1093|BAKI-93|1093
1203|1203|104|4 SAYLI PF|0|Az1094|BAKI-94|1094
1204|1204|104|4 SAYLI PF|0|Az1097|BAKI-97|1097
1205|1205|104|4 SAYLI PF|0|Az1120|BAKI-120|1120
1206|1206|104|4 SAYLI PF|0|Az1125|BAKI-125|1125
1207|1207|104|4 SAYLI PF|0|Az1127|BAKI-127|1127
1208|1208|104|4 SAYLI PF|0|Az1128|BAKI-128|1128
1209|1209|104|4 SAYLI PF|0|Az1150|BAKI-150|1150
1210|1210|104|4 SAYLI PF|0|Az1151|BAKI-151|1151
1211|1211|104|4 SAYLI PF|0|Az1156|Hava Limani Baki Gomruk|1156
1212|1212|104|4 SAYLI PF|1|Az1044|BAKI-44/1 PA Hava Limani|1044
1213|1213|104|4 SAYLI PF|1|Az1046|BAKI-46/2 PA Qala|1046
1214|1214|104|4 SAYLI PF|1|Az1046|BAKI-46/1 PA|1046
1215|1215|104|4 SAYLI PF|1|Az1094|BAKI-94/1 PA Bilgeh kordioloji|1094
1216|1216|105|5 SAYLI PF|0|Az1003|BAKI-3|1003
1217|1217|105|5 SAYLI PF|0|Az1004|BAKI-4|1004
1218|1218|105|5 SAYLI PF|0|Az1021|BAKI-21|1021
1219|1219|105|5 SAYLI PF|0|Az1023|BAKI-23|1023
1220|1220|105|5 SAYLI PF|0|Az1062|BAKI-62|1062
1221|1221|105|5 SAYLI PF|0|Az1063|BAKI-63|1063
1222|1222|105|5 SAYLI PF|0|Az1071|BAKI-71|1071
1223|1223|105|5 SAYLI PF|0|Az1079|BAKI-79|1079
1224|1224|105|5 SAYLI PF|0|Az1080|BAKI-80|1080
1225|1225|105|5 SAYLI PF|0|Az1081|BAKI-81|1081
1226|1226|105|5 SAYLI PF|0|Az1082|BAKI-82|1082
1227|1227|105|5 SAYLI PF|0|Az1083|BAKI-83|1083
1228|1228|105|5 SAYLI PF|0|Az1084|BAKI-84|1084
1229|1229|105|5 SAYLI PF|0|Az1085|BAKI-85|1085
1230|1230|105|5 SAYLI PF|0|Az1086|BAKI-86|1086
1231|1231|105|5 SAYLI PF|0|Az1137|BAKI-137|1137
1232|1232|105|5 SAYLI PF|0|Az1139|BAKI-139|1139
1233|1233|105|5 SAYLI PF|0|Az1140|BAKI-140|1140
1234|1234|105|5 SAYLI PF|0|Az1157|BAKI DENIZ LIMANI|1157
1235|1235|105|5 SAYLI PF|0|Az1158|Qobu Park PS|1158
1236|1236|105|5 SAYLI PF|0|Az1170|ELET Liman Gomruk|1170
1237|1237|105|5 SAYLI PF|1|Az1023||1023
1238|1238|105|5 SAYLI PF|1|Az1063|BAKI-63/1 PA|1063
1239|1239|105|5 SAYLI PF|1|Az1063|BAKI-63/2 PA|1063
1240|1240|105|5 SAYLI PF|1|Az1083|BAKI-83/1 PA|1083
1241|1241|105|5 SAYLI PF|1|Az1086||1086
1242|1242|106|6 SAYLI PF|0|Az1008|BAKI-8|1008
1243|1243|106|6 SAYLI PF|0|Az1029|BAKI-29|1029
1244|1244|106|6 SAYLI PF|0|Az1037|BAKI-37|1037
1245|1245|106|6 SAYLI PF|0|Az1038|BAKI-38|1038
1246|1246|106|6 SAYLI PF|0|Az1052|BAKI-52|1052
1247|1247|106|6 SAYLI PF|0|Az1053|BAKI-53|1053
1248|1248|106|6 SAYLI PF|0|Az1054|BAKI-54|1054
1249|1249|106|6 SAYLI PF|0|Az1059|BAKI-59|1059
1250|1250|106|6 SAYLI PF|0|Az1069|BAKI-69|1069
1251|1251|106|6 SAYLI PF|0|Az1072|BAKI-72|1072
1252|1252|106|6 SAYLI PF|0|Az1075|BAKI-75|1075
1253|1253|106|6 SAYLI PF|0|Az1098|BAKI-98|1098
1254|1254|106|6 SAYLI PF|0|Az1107|BAKI-107|1107
1255|1255|106|6 SAYLI PF|0|Az1108|BAKI-108|1108
1256|1256|106|6 SAYLI PF|0|Az1110|BAKI-110|1110
1257|1257|106|6 SAYLI PF|0|Az1113|BAKI-113|1113
1258|1258|106|6 SAYLI PF|0|Az1114|BAKI-114|1114
1259|1259|106|6 SAYLI PF|0|Az1115|BAKI-115|1115
1260|1260|106|6 SAYLI PF|0|Az1116|BAKI-116|1116
1261|1261|106|6 SAYLI PF|0|Az1124|BAKI-124|1124
1262|1262|106|6 SAYLI PF|0|Az1130|BAKI-130|1130
1263|1263|106|6 SAYLI PF|0|Az1135|BAKI-135|1135
1264|1264|106|6 SAYLI PF|0|Az1147|BAKI-147|1147
1265|1265|106|6 SAYLI PF|1|Az1072||1072
1266|1266|106|6 SAYLI PF|1|Az1116||1116
